book,문단식별자,문장식별자,원문,번역문,marker_raw,marker_normalized,dansa_category,heosa_found,has_heosa
논어집주,21,97,君子는 務本이니 本立而道生하나니,1627b71a26345f03,하나니,하나니,汎論以斷,[],False
논어집주,727,2593,故로 馬之蹄齧者는 必善走하고 其不善者는 必馴하나니,541dd022b990787b,하나니,하나니,汎論以斷,[],False
논어집주,998,3342,先進이 於禮樂에 野人也요 後進이 於禮樂에 君子也라하나니,222fd0f2686c6468,라하나니,라하나니,汎論以斷,[],False
논어집주,1093,3594,所謂大臣者는 以道事君하다가 不可則止하나니,0591d1810bff803f,하나니,하나니,汎論以斷,[],False
논어집주,1139,3776,人有秉彛는 本乎天性이언마는 知誘物化하여 遂亡其正하나니라,80368b6268658eee,하나니라,하나니라,汎論以斷,[],False
논어집주,1139,3778,閑邪存誠하여 非禮勿聽하나니라,da362a52ba2240da,하나니라,하나니라,汎論以斷,[],False
논어집주,1139,3780,人心之動이 因言以宣하나니 發禁躁妄이라야 內斯靜專하나니라,076fcf84bb86d2e9,하나니라,하나니라,汎論以斷,[],False
논어집주,1139,3781,矧是樞機라 興戎出好하나니,a519b7b4a6f22760,하나니,하나니,汎論以斷,[],False
논어집주,1139,3783,傷易則誕하고 傷煩則支하며 己肆物忤하고 出悖來違하나니,de6c4bad4b7361a2,하나니,하나니,汎論以斷,[],False
논어집주,1139,3786,哲人知幾하여 誠之於思하고 志士勵行하여 守之於爲하나니,a128666255c8cf85,하나니,하나니,汎論以斷,[],False
논어집주,1224,4030,草上之風이면 必偃하나니라,0ec6e06be195e67b,하나니라,하나니라,汎論以斷,[],False
논어집주,1329,4315,人之言曰 爲君難하며 爲臣不易라하나니,526f7253408593f1,라하나니,라하나니,汎論以斷,[],False
논어집주,1333,4321,言不可以若是其幾也어니와 人之言曰 予無樂乎爲君이요 唯其言而莫予違也라하나니,7fae361821a08b16,라하나니,라하나니,汎論以斷,[],False
논어집주,1663,5298,君子는 謀道요 不謀食하나니,1ee56ea075a16898,하나니,하나니,汎論以斷,[],False
논어집주,1725,5449,天下有道면 則禮樂征伐이 自天子出하고 天下無道면 則禮樂征伐이 自諸侯出하나니,a7ca31d1be092681,하나니,하나니,汎論以斷,[],False
논어집주,1729,5456,天下有道면 則庶人不議하나니라,19967613b44ae9d9,하나니라,하나니라,汎論以斷,[],False
논어집주,1762,5543,齊景公은 有馬千駟하되 死之日에 民無德而稱焉이요 伯夷叔齊는 餓于首陽之下하되 民到于今稱之하나니라,686b9600e40c5f17,하나니라,하나니라,汎論以斷,[],False
논어집주,1855,5768,其未得之也에는 患得之하고 旣得之하여는 患失之하나니,60e9c621f0848506,하나니,하나니,汎論以斷,[],False
논어집주,1884,5842,短喪之說은 下愚且恥言之하나니,8e9b930af86df59f,하나니,하나니,汎論以斷,[],False
논어집주,1889,5856,子生三年然後에 免於父母之懷하나니,59f9c46c9b14d9e0,하나니,하나니,汎論以斷,[],False
논어집주,2018,6274,紂之不善이 不如是之甚也니 是以로 君子惡居下流하나니,3c15d661b37fee55,하나니,하나니,汎論以斷,[],False
당송팔대가문초구양수1,329,1809,故好權之臣은 必貪位하나니,d136e1f27d718ba1,하나니,하나니,汎論以斷,[],False
당송팔대가문초구양수1,330,1821,自古君臣相得에 一言道合하야 遇事便行하나니,268ad196747f0090,하나니,하나니,汎論以斷,[],False
당송팔대가문초구양수2,240,904,是故로 學者惟俯仰徇時하야 以希祿利爲急하야 至於忘本趨末流而不返하나니,24e2bda41ed0a0b1,하나니,하나니,汎論以斷,[],False
당송팔대가문초구양수2,341,1291,是故로 均財而節兵하야 立法以制財하며 任賢以守法하며 尊名以厲賢하나니,3308fa0b9290cc80,하나니,하나니,汎論以斷,[],False
당송팔대가문초구양수2,437,1733,信義는 行於君子하고 而刑戮은 施於小人하나니,ced1f07f122140fd,하나니,하나니,汎論以斷,[],False
당송팔대가문초구양수3,129,435,幸而得良有司라도 不過反同衆人하야 歎嗟愛惜을 若取捨非己事者하고 諉曰 有司有法하니 奈不中何오하나니,ad69574a029a5499,오하나니,오하나니,汎論以斷,[],False
당송팔대가문초소식1,29,139,治當先內어늘 或曰 何以爲京師오하며 政在摘姦이어늘 或曰 不可撓獄市라하나니,a96d1faa7ffeccee,라하나니,라하나니,汎論以斷,[],False
당송팔대가문초소식1,113,537,人莫不有所恃하니 人臣이 恃陛下之命이라 故로 能役使小民하고 恃陛下之法이라 故로 能勝伏强暴하나니,4616df1280c2dc44,하나니,하나니,汎論以斷,[],False
당송팔대가문초소식1,126,609,陛下雖嚴賜約束하사 不許邀功이나 然人臣事君之常情은 不從其令하고 而從其意하나니,c12ca1f9287dff99,하나니,하나니,汎論以斷,[],False
당송팔대가문초소식1,130,634,自古役人에 必用鄕戶하니 猶食之 必用五穀하고 衣之 必用絲麻하며 濟川之 必用舟楫하고 行地之 必用牛馬하나니,3c7396d22cbee0c2,하나니,하나니,汎論以斷,[],False
당송팔대가문초소식2,239,1002,故로 天下之偏者 惟全之求하야 今以其全而責其偏하나니,de94e23768c749a9,하나니,하나니,汎論以斷,[],False
당송팔대가문초소식2,248,1033,故로 貴賤之間이 終不可以合하야 而道終不可以行하나니,c04a7ef2c1d6e39d,하나니,하나니,汎論以斷,[],False
당송팔대가문초소식2,341,1429,天下之人이 以爲言出而莫敢逆者는 莫若天子之詔書也라하나니,1ef25b5067c97736,라하나니,라하나니,汎論以斷,[],False
당송팔대가문초소식2,406,1706,故로 天下知賢之不能奪貴하나니라,85c31c3c577f37bf,하나니라,하나니라,汎論以斷,[],False
당송팔대가문초소식2,432,1824,曰 古之取國者는 必有數하니 如取齠齒也에 必以漸이라 故로 齒脫而兒不知하나니라,d2fae21517c078f8,하나니라,하나니라,汎論以斷,[],False
당송팔대가문초소식2,435,1842,聖人은 不能爲時요 亦不失時하나니,b6bb03b31463cab8,하나니,하나니,汎論以斷,[],False
당송팔대가문초소식2,440,1870,天下不幸而無明君하야 使小人執其權이면 當此之時하야 天下之忠臣義士 莫不欲奮臂而擊之하나니라,aa5999d95665fe60,하나니라,하나니라,汎論以斷,[],False
당송팔대가문초소식2,441,1875,是故로 功成而天下安之하나니라,7c4c5fe04b7f6491,하나니라,하나니라,汎論以斷,[],False
당송팔대가문초소식2,449,1931,寬之하야 使不吾疾하고 狃之하야 使不吾慮하며 啖之以利하야 以昏其智하고 順適其意하야 以殺其怒하나니,5d881c1763cd141a,하나니,하나니,汎論以斷,[],False
당송팔대가문초소식2,449,1933,故로 其用力也約而無後患하며 莫爲之先이라 故로 君不怒而勢不偪하니 如此者는 功成而天下安之하나니라,74acda0771377aec,하나니라,하나니라,汎論以斷,[],False
당송팔대가문초소식2,450,1938,君子小人이 雜居而未決엔 爲君子之計者는 莫若深交而無爲니 苟不能深交而無爲면 則小人이 倒持其柄하야 而乘吾隙하나니라,f5d1aa0c4ec9e604,하나니라,하나니라,汎論以斷,[],False
당송팔대가문초소식2,455,1947,其始不立이면 其卒不成이니 惟其不成이라 是以로 厭之而愈不立也하나니라,0d439d03a15c026e,하나니라,하나니라,汎論以斷,[],False
당송팔대가문초소식2,458,1965,是故로 其用力省而成功速하나니라,4fdfdee6e60e4063,하나니라,하나니라,汎論以斷,[],False
당송팔대가문초소식2,487,2091,不幸而有敗하야 至於乞假以生이라도 可也라 然이나 終不敢議田宅하나니라,b43231b6d199e649,하나니라,하나니라,汎論以斷,[],False
당송팔대가문초소식2,525,2244,唯見天下之利而爲之하고 唯其害而不爲면 則是有時而窮焉하야 亦不能盡天下之利하나니라,91d3a1391f3738f3,하나니라,하나니라,汎論以斷,[],False
당송팔대가문초소식2,526,2247,輕敵者는 敗하고 重敵者는 無成功하나니,7948f98b63c00da5,하나니,하나니,汎論以斷,[],False
당송팔대가문초소식3,5,12,非千金之子면 不能運千金之資하나니,7b837c33375c3d69,하나니,하나니,汎論以斷,[],False
당송팔대가문초소식3,44,150,故로 雖有大功이나 而不忘戒懼하나니라,351bd89d8a611415,하나니라,하나니라,汎論以斷,[],False
당송팔대가문초소식3,46,159,彼之所獲者는 終日勤勞호되 不過數金耳니 所得者微라 故로 所用狹하나니,1b715951d4348c81,하나니,하나니,汎論以斷,[],False
당송팔대가문초소식3,63,232,是以로 若此明也하나니라,c83cb55dd9f3264e,하나니라,하나니라,汎論以斷,[],False
당송팔대가문초소식3,64,235,故로 天下之詐者를 皆可得而使하나니라,7f065501b81c5a5e,하나니라,하나니라,汎論以斷,[],False
당송팔대가문초소식3,66,241,非貪이면 無以取요 非勇이면 無以得이요 非詐면 無以成이니 廉靜而信者는 無用於兵者也라하나니라,5a077f1a370abfbd,라하나니라,라하나니라,汎論以斷,[],False
당송팔대가문초소식3,126,486,天下治平이어늘 無故而發大難之端인댄 吾發之하면 吾能收之니 然後에 能免難於天下하나니,a36b93423324a0c6,하나니,하나니,汎論以斷,[],False
당송팔대가문초소식3,126,487,事至而循循焉欲去之하야 使他人任其責이면 則天下之禍 必集于我하나니라,b1c893dd97dce36b,하나니라,하나니라,汎論以斷,[],False
당송팔대가문초소식3,183,703,其父殺人報仇하면 其子必且行劫하나니,c181298c14137d30,하나니,하나니,汎論以斷,[],False
당송팔대가문초소식3,252,993,君子見危則能死로되 勉而不死하야 以求合於中庸하고 見利則能辭로되 勉而不辭하야 以求合於中庸하나니,d1c060d8713379c6,하나니,하나니,汎論以斷,[],False
당송팔대가문초소식3,287,1129,以至神之化로 令天下하야 使天下不測其端하고 以至詳之法으로 曉天下하야 使天下明知其所避하니 天下不測其端하고 而明知其所避라 故로 靡然相率而不敢議也하나니,4d6416f5f8033c99,하나니,하나니,汎論以斷,[],False
당송팔대가문초소식3,290,1137,故로 其術有淺深하고 而其成功有巨細하니 雖其終身之所爲를 不可逆知나 而其大節은 必見於其始進之日하나니라,baa4d5af078b3895,하나니라,하나니라,汎論以斷,[],False
당송팔대가문초소식3,291,1141,以伊尹으로 爲以滋味說湯者는 此戰國之策士 以己度伊尹也니 君子疾之하나니라,bdb8407dad8a52fc,하나니라,하나니라,汎論以斷,[],False
당송팔대가문초소식3,295,1163,至於人君하야도 亦然하야 將用是人也엔 則告之以己所欲爲하야 要其能否而責成焉하나니,ac79efc0616600d3,하나니,하나니,汎論以斷,[],False
당송팔대가문초소식3,301,1180,爲人臣子而不知春秋者는 守經事而不知其宜하고 遭變事而不知其權하나니라,f372250e79541b96,하나니라,하나니라,汎論以斷,[],False
당송팔대가문초소식3,301,1183,是以로 被之空言이로되 而不敢辭하나니라,6b1f0aba300f7dac,하나니라,하나니라,汎論以斷,[],False
당송팔대가문초소식3,344,1335,譬若禽獸然하야 求其大治하면 必至於大亂하나니,32c3015a8e7480e4,하나니,하나니,汎論以斷,[],False
당송팔대가문초소식4,100,370,天子與執政之大臣으로 既已相得而無疑라야 可以盡其所懐하고 直己而行道하나니,9342e05180f6e89f,하나니,하나니,汎論以斷,[],False
당송팔대가문초소식4,102,381,故로 其勇者相吞하고 智者相賊하야 使天下不安其生하나니,1f0060461dfd91d0,하나니,하나니,汎論以斷,[],False
당송팔대가문초소식4,139,532,是故로 約束愈寬이로되 而大臣益以畏法하나니,c437bfdc442f191f,하나니,하나니,汎論以斷,[],False
당송팔대가문초소식4,148,567,今之議者는 不過曰 多其資考하고 而責之以擧官之數라하나니,39b826baed1ed458,라하나니,라하나니,汎論以斷,[],False
당송팔대가문초소식4,174,697,天下之人이 仕而未得志也엔 莫不勉彊爲善以求擧라가 惟其旣已改官而無憂라 是故로 蕩然無所不至하나니,7087b1d3701bc545,하나니,하나니,汎論以斷,[],False
당송팔대가문초소식4,237,930,民不愛其身이라 故로 輕犯法이니 輕犯法이면 則王政不行하나니,eb64a72ad6f4ff6c,하나니,하나니,汎論以斷,[],False
당송팔대가문초소식4,265,1035,休養生息하야 而姦民이 得容於其間하야 蓄而不發하야 以待天下之釁이라가 至於時有所激하고 勢有所乘하면 則潰裂四出하야 不終朝而毒流於天下하나니,5774b59db2bc0ea9,하나니,하나니,汎論以斷,[],False
당송팔대가문초소식4,276,1078,彼閭閻之小民이 爭鬪戱笑라가 卒然之間에 而或至於殺人하나니,e241c8dd067f6f85,하나니,하나니,汎論以斷,[],False
당송팔대가문초소식4,354,1401,雖弄翰戱語하야 率然而作이나 必歸於此라 故로 天下信其誠하야 爭師尊之하나니라,4325dff1cb054cc4,하나니라,하나니라,汎論以斷,[],False
당송팔대가문초소식4,361,1423,士無賢不肖히 不謀而同曰 歐陽子는 今之韓愈也라하나니라,9c415f2940b06ade,라하나니라,라하나니라,汎論以斷,[],False
당송팔대가문초소식4,380,1487,然이나 至言天下偉人하야는 則必以公爲首하나니라,26be2c2458084d2d,하나니라,하나니라,汎論以斷,[],False
당송팔대가문초소식4,398,1538,今之讀書取官者는 皆屈折拳曲하야 以合規繩하야 曾不得自伸其喙하나니라,7bd7482c2cb3b727,하나니라,하나니라,汎論以斷,[],False
당송팔대가문초소식5,3,6,合抱之木은 不生於步仞之丘하고 千金之子는 不出於三家之市하나니라,0d298f61bcd1005f,하나니라,하나니라,汎論以斷,[],False
당송팔대가문초소식5,39,120,而士鮮不以爲欣戚하야 喪其所守하나니,72ffbb8f636ee3a7,하나니,하나니,汎論以斷,[],False
당송팔대가문초소식5,59,173,象犀珠玉怪珍之物은 有悅於人之耳目이로되 而不適於用하며 金石草木絲麻五穀六材는 有適於用이로되 而用之則弊하고 取之則竭하나니,e3098db242391d42,하나니,하나니,汎論以斷,[],False
당송팔대가문초소식5,97,317,其後에 以其所以治齊者로 治天下하야 天下至今稱賢焉하나니라,86c024d2d3d5a201,하나니라,하나니라,汎論以斷,[],False
당송팔대가문초소식5,116,385,故로 不知者以爲難治라하나니라,d8fb50b5e2d3a5c4,라하나니라,라하나니라,汎論以斷,[],False
당송팔대가문초소식5,164,584,曰 是皆不足學이니 學其不可傳於書而載於口者라하나니라,5663b319a20edbc7,라하나니라,라하나니라,汎論以斷,[],False
당송팔대가문초소식5,210,779,衆生以愛라 故로 入生死하니 由於愛境하야 有逆有順하야 而生喜怒하야 造種種業하나니라,f190bbd075f433dc,하나니라,하나니라,汎論以斷,[],False
당송팔대가문초소식5,212,791,設如有人이 無故取米하야 投坑穽中이면 見者皆恨호되 若以此米로 施諸鳥雀하면 見者皆喜하나니,bfa3b6b45357a96a,하나니,하나니,汎論以斷,[],False
당송팔대가문초소식5,213,798,是故其人이 以愧故捨하나니라,d48989ad91ea16b9,하나니라,하나니라,汎論以斷,[],False
당송팔대가문초소식5,213,801,是故其人이 以懼故捨하나니,7ed6bd3f29584f9b,하나니,하나니,汎論以斷,[],False
당송팔대가문초소식5,262,1028,國之將興에 必有世德之臣이 厚施而不食其報하나니 然後에 其子孫이 能與守文太平之主로 共天下之福하나니라,23b37fbf0753ac7c,하나니라,하나니라,汎論以斷,[],False
당송팔대가문초소식5,375,1395,薪水井臼는 老矣不能이나 摧伏魔軍은 不戰而勝하나니라,b23daadd32a850c8,하나니라,하나니라,汎論以斷,[],False
당송팔대가문초소식5,386,1422,故로 富人之稼는 常美하야 少秕而多實하고 久藏而不腐하나니라,8fbbc70b03622d32,하나니라,하나니라,汎論以斷,[],False
당송팔대가문초소식5,437,1605,子之所以悲者는 惑於得也요 父兄妻子之所以悲者는 惑於愛也니 惟不與於己者는 則不惑하고 亦不悲하나니라,a7fc818b7461d917,하나니라,하나니라,汎論以斷,[],False
당송팔대가문초소식5,458,1681,而或者以爲己有하야 得之則喜하고 喪之則悲하나니라,5444f0ce1153f22a,하나니라,하나니라,汎論以斷,[],False
당송팔대가문초소철2,54,304,我則異於是하여 無可無不可라하나니라,ef1b25c39fe7016c,라하나니라,라하나니라,汎論以斷,[],False
당송팔대가문초왕안석1,28,144,人之情이 不足於財면 則貪鄙苟得하야 無所不至하나니,3b1d4cd4202bb6d5,하나니,하나니,汎論以斷,[],False
당송팔대가문초왕안석1,28,150,人情足於財호되 而無禮以節之면 則又放僻邪侈를 無所不至하나니,6cf96f84db673c2d,하나니,하나니,汎論以斷,[],False
당송팔대가문초왕안석1,446,1958,後日誠有堪大臣之事하야 其名實蒸然於上이면 上必懲前日之所竢하야 而逆疑焉하고 暴於下면 下必懲前日之所竢하야 而逆疑焉하나니,67529eda74ba608c,하나니,하나니,汎論以斷,[],False
당송팔대가문초왕안석1,522,2287,位는 在外也니 遇而有之면 則人以其名予之하야 而以貌事之하고 德은 在我也니 求而有之면 則人以其實予之하야 而心服之하나니라,828bc67c9d061810,하나니라,하나니라,汎論以斷,[],False
당송팔대가문초왕안석2,69,281,內求者는 樂得其性하고 外求者는 樂得其欲하나니,3a6e1d0374a686fb,하나니,하나니,汎論以斷,[],False
당송팔대가문초왕안석2,95,457,有而不思則失하고 思而不行則廢하나니,e6cd3d2dabf21f78,하나니,하나니,汎論以斷,[],False
당송팔대가문초왕안석2,116,538,不幸而有焉이면 則其子弟以告于有司하고 有司不能聽이면 以告于其君하고 其君不能聽이면 以告于方伯하고 方伯不能聽이면 以告于天子하나니,bd5b574177c8f10f,하나니,하나니,汎論以斷,[],False
당송팔대가문초왕안석2,116,539,則天子誅其不能聽者하고 而爲之施刑於其讐하나니라,3f5ce2b80aa06210,하나니라,하나니라,汎論以斷,[],False
당송팔대가문초왕안석2,407,2234,天能以人之所難得者與人하고 人欲以天之所難得者徇天호되 而天不少假以年이면 則其得有不暇乎修爲하야 其爲有不至乎成就하나니,5992dea644602625,하나니,하나니,汎論以斷,[],False
당송팔대가문초유종원1,43,316,纓冠束袵而趨以進者 咸曰我知恩이라하나니,2936ff1c9fff42f7,이라하나니,라하나니,汎論以斷,[],False
당송팔대가문초유종원1,74,554,告之而不更則疑하고 疑則思復之하며 復之而又不更則去之하나니,3e8af3f49bb0fd3b,하나니,하나니,汎論以斷,[],False
당송팔대가문초유종원1,114,846,而爲文之士 亦多漁獵前作하고 戕賊文史하여 抉其意하고 抽其華하여 置齒牙間하고 遇事蜂起하여 金聲玉耀로 誑聾瞽之人하고 徼一時之聲하나니,6e32203e18d3d3f4,하나니,하나니,汎論以斷,[],False
당송팔대가문초유종원1,119,859,孟子稱人之患在好爲人師라하고 由魏晉氏以下로 人益不事師하여 今之世에 不聞有師하고 有輒譁笑之하여 以爲狂人이라하나니,75982fdabc13d182,이라하나니,라하나니,汎論以斷,[],False
당송팔대가문초유종원1,171,1175,然使僞可爲而利可冒면 則敎益壞하나니,3752d84e4de2ba14,하나니,하나니,汎論以斷,[],False
당송팔대가문초유종원1,223,1454,溪雖莫利於世나 而善鑑萬類하고 淸瑩秀徹하며 鏘鳴金石하여 能使愚者喜笑眷慕하고 樂而不能去也하나니,3faf2920d3868170,하나니,하나니,汎論以斷,[],False
당송팔대가문초유종원1,272,1662,吾善度材하여 視棟宇之制의 高深圓方短長之宜하여 吾指使而群工役焉하나니,0d7c3b884db34834,하나니,하나니,汎論以斷,[],False
당송팔대가문초유종원1,324,1966,君子之祥也는 以政이요 不以怪하나니,6f6342e55e319371,하나니,하나니,汎論以斷,[],False
당송팔대가문초유종원1,340,2035,賢者之擧也必以類하나니,960106f87c681d71,하나니,하나니,汎論以斷,[],False
당송팔대가문초유종원2,87,382,德又大者는 方伯連帥之類 又就而聽命〈焉〉하여 以安其人하나니,6c04df7d8ab06cde,하나니,하나니,汎論以斷,[],False
당송팔대가문초유종원2,168,748,人之血氣 敗逆壅底면 爲癰瘍疣贅瘻痔하여 蟲生之하고 木朽而蝎中하고 草腐而螢飛하나니,939680509e8f2997,하나니,하나니,汎論以斷,[],False
당송팔대가문초유종원2,171,770,渾然而中處者는 世謂之元氣하고 寒而暑者는 世謂之陰陽하나니,865b9b9917b6519b,하나니,하나니,汎論以斷,[],False
당송팔대가문초유종원2,211,1099,安其常而得所欲하고 服其敎而便於己하며 百貨通行而不知所自來하고 老幼親戚相保而無德之者는 不苦兵刑하고 不疾賦力하나니,9ff0422f5cd8a3ca,하나니,하나니,汎論以斷,[],False
당송팔대가문초유종원2,213,1129,有無爲不言垂衣裳之化라 故其人至於今恬以愉하나니,98e0bfc4c5fe5b11,하나니,하나니,汎論以斷,[],False
당송팔대가문초유종원2,262,1515,君子在下位則多謗하고 在上位則多譽하며 小人在下位則多譽하고 在上位則多謗하나니,d9ef73bf38b955fb,하나니,하나니,汎論以斷,[],False
당송팔대가문초증공1,79,503,雖然이나 君子之於道也에 旣得諸己면 汲汲焉而務施之於外하나니,54869a2786e033e3,하나니,하나니,汎論以斷,[],False
당송팔대가문초증공1,143,851,在我者 亦彼之所不能易也라 故吾以謂與箕子合이라하나니,db3d0690716dda51,이라하나니,라하나니,汎論以斷,[],False
당송팔대가문초증공1,145,862,孟子有言曰 天下有道에는 小德役大德하고 小賢役大賢하며 天下無道에는 小役大하고 弱役强하나니,2dfa0bbf1b5c58e0,하나니,하나니,汎論以斷,[],False
당송팔대가문초증공1,311,1659,其山行水涉沙莽之馳에 往往爲風霜氷雪瘴霧之毒之所侵加하며 蛟龍虺蜴虎豹之群之所抵觸하며 衝波急洑隤崖落石之所覆壓하나니,0c6064c56734b954,하나니,하나니,汎論以斷,[],False
당송팔대가문초증공1,317,1695,飮酒賦詩하여 以敍去處之情하고 而致綢繆之意하나니,5f86719230d34321,하나니,하나니,汎論以斷,[],False
당송팔대가문초증공1,348,1907,其逆自爲慮如此하니 故其至皆傾搖解弛하여 無憂且勤之心하나니,08bce79412507deb,하나니,하나니,汎論以斷,[],False
당송팔대가문초증공1,360,1994,其動於視聽四支者를 必使其洽於內하고 其謹於初者를 必使其要於終하여 馴之以自然하고 而待之以積久하나니,d906a6b0d535c7bf,하나니,하나니,汎論以斷,[],False
당송팔대가문초증공1,404,2306,事常蔽於其智之不周요 而辨常過於所惑하나니,8a29eda4c5c40d13,하나니,하나니,汎論以斷,[],False
당송팔대가문초한유1,133,640,今之言毬之害者는 必曰 有危墮之憂하고 有激射之虞하야 小者傷面目이요 大者殘形軀라하나니라,087a9f4ee5300500,라하나니라,라하나니라,汎論以斷,[],False
당송팔대가문초한유1,262,1264,今之士人은 遂引此하야 不追服小功하나니라,fc89fce34ec42cc3,하나니라,하나니라,汎論以斷,[],False
당송팔대가문초한유2,7,18,然獨嶺南節度爲大府일새 大府始至면 四府必使其佐啓問起居하고 謝守地不得卽賀以爲禮하나니라,f10a84aacb496dfd,하나니라,하나니라,汎論以斷,[],False
당송팔대가문초한유2,7,19,歲時必遣賀問하고 致水土物하나니라,a299d2c1fc6bea41,하나니라,하나니라,汎論以斷,[],False
당송팔대가문초한유2,7,20,大府帥或道過其府면 府帥必戎服하야 左握刀하고 右屬弓矢하며 帕首袴鞾迎郊하나니라,eabd4d318f59047f,하나니라,하나니라,汎論以斷,[],False
당송팔대가문초한유2,7,21,及旣至에 大府帥先入據館이면 帥守屛하야 若將趍入拜庭之爲者하나니라,a1956a7af4c2269f,하나니라,하나니라,汎論以斷,[],False
당송팔대가문초한유2,7,22,大府與之爲讓至一再라야 乃敢改服하고 以賓主見하나니라,8e87940f17256e37,하나니라,하나니라,汎論以斷,[],False
당송팔대가문초한유2,7,23,適位執爵에 皆興拜하고 不許乃止하니 虔若小侯之事大國하야 有大事면 諮而後行하나니라,be9617dda5e78f32,하나니라,하나니라,汎論以斷,[],False
당송팔대가문초한유2,40,150,吾以爲邊軍皆不知耕作하야 開口望哺하나니라,b9490e528b3133cb,하나니라,하나니라,汎論以斷,[],False
당송팔대가문초한유2,74,292,金石之無聲이로되 或擊之鳴하나니라,8065fc76a830c054,하나니라,하나니라,汎論以斷,[],False
당송팔대가문초한유2,75,295,樂也者는 鬱乎中而泄乎外者也니 擇其善鳴者而假之鳴하나니라,3691aa9b40a7ea0c,하나니라,하나니라,汎論以斷,[],False
당송팔대가문초한유2,75,297,維天之於時也亦然하야 擇其善鳴者而假之鳴하나니라,09faee1cddff8002,하나니라,하나니라,汎論以斷,[],False
당송팔대가문초한유2,110,434,利澤施于人하야 名聲昭于時하며 坐于廟朝엔 進退百官하고 而佐天子出令하나니라,071ac753bca96052,하나니라,하나니라,汎論以斷,[],False
당송팔대가문초한유2,110,436,喜有賞하고 怒有刑하나니라,27003cf03b851fb0,하나니라,하나니라,汎論以斷,[],False
당송팔대가문초한유2,128,510,猶且不脫焉하야 弱之肉을 彊之食하나니라,9f5790ab1b31200d,하나니라,하나니라,汎論以斷,[],False
당송팔대가문초한유2,155,663,丞涉筆占位署호되 惟謹하고 目吏問可不可하나니라,977bcb443713a65c,하나니라,하나니라,汎論以斷,[],False
당송팔대가문초한유2,155,666,諺數慢必曰丞이라하고 至以相訾謷하나니라,8bae0fe940493e4c,하나니라,하나니라,汎論以斷,[],False
당송팔대가문초한유2,165,725,序留司文武百官於宮城門外而衙之하나니라,02f696d22ef4cfd8,하나니라,하나니라,汎論以斷,[],False
당송팔대가문초한유2,229,1064,是故聖人一視而同仁하고 篤近而擧遠하나니라,acec1eb073d31495,하나니라,하나니라,汎論以斷,[],False
당송팔대가문초한유2,248,1182,其勤雖小나 其使之不可以不報也ㄹ새 必書其歲하고 歲旣久矣면 於是乎命之以官하야 而授之以事하나니라,9d40d370ddaffe57,하나니라,하나니라,汎論以斷,[],False
당송팔대가문초한유2,274,1332,業精于勤하고 荒于嬉하며 行成于思하고 毁于隨하나니라,e1c44e7e8daaf8d7,하나니라,하나니라,汎論以斷,[],False
당송팔대가문초한유3,200,1132,不能無食이니 當務減節이라하나니라,a71c42b3a10984d3,이라하나니라,라하나니라,汎論以斷,[],False
대학장구,106,286,所謂齊其家 在修其身者는 人이 之其所親愛而辟焉하며 之其所賤惡而辟焉하며 之其所畏敬而辟焉하며 之其所哀矜而辟焉하며 之其所敖惰而辟焉하나니,3fd9475ddeef7d7d,하나니,하나니,汎論以斷,[],False
대학장구,112,297,故로 君子는 不出家而成敎於國하나니,9109d21309f2f351,하나니,하나니,汎論以斷,[],False
대학장구,118,311,堯舜이 帥天下以仁하신대 而民從之하고 桀紂帥天下以暴한대 而民從之하니 其所令이 反其所好면 而民不從하나니,9fe14a42f9e342ac,하나니,하나니,汎論以斷,[],False
대학장구,118,312,是故로 君子는 有諸己而後求諸人하며 無諸己而後非諸人하나니,bafba990151c25c3,하나니,하나니,汎論以斷,[],False
대학장구,131,337,所謂平天下在治其國者는 上老老而民興孝하며 上長長而民興弟하며 上恤孤而民不倍하나니,5ae65dd646a12ce2,하나니,하나니,汎論以斷,[],False
맹자집주,83,298,七八月之間에 旱이면 則苗槁矣라가 天油然作雲하여 沛然下雨면 則苗浡然興之矣나니,68517ca2e6fb6fcf,나니,나니,汎論以斷,[],False
맹자집주,100,373,君子之於禽獸也에 見其生하고 不忍見其死하며 聞其聲하고 不忍食其肉하나니,3c644a1dc6b15dd7,하나니,하나니,汎論以斷,[],False
맹자집주,126,520,今也에 制民之産하되 仰不足以事父母하며 俯不足以畜妻子하여 樂歲에 終身苦하고 凶年에 不免於死亡하나니,15de63629a0ddd98,하나니,하나니,汎論以斷,[],False
맹자집주,158,617,惟仁者라야 爲能以大事小하나니,9100cabf1f3f0122,하나니,하나니,汎論以斷,[],False
맹자집주,158,619,惟智者라야 爲能以小事大하나니,b7b9144e6e5b7548,하나니,하나니,汎論以斷,[],False
맹자집주,179,681,樂民之樂者는 民亦樂其樂하고 憂民之憂者는 民亦憂其憂하나니,09b46f7bcdeb85b6,하나니,하나니,汎論以斷,[],False
맹자집주,183,694,春省耕而補不足하며 秋省斂而助不給하나니,f3d278ac21bc3ac9,하나니,하나니,汎論以斷,[],False
맹자집주,238,908,或謂寡人勿取라하며 或謂寡人取之라하나니,a49b247a9a64abe4,라하나니,라하나니,汎論以斷,[],False
맹자집주,275,1041,或曰 世守也라 非身之所能爲也니 效死勿去라하나니,73680cb545cc99bc,라하나니,라하나니,汎論以斷,[],False
맹자집주,376,1413,以力服人者는 有意於服人 而人不敢不服하고 以德服人者는 無意於服人 而人不能不服하나니,dfc2924d30274bee,하나니,하나니,汎論以斷,[],False
맹자집주,406,1483,所以謂人皆有不忍人之心者는 今人이 乍見孺子將入於井하고 皆有怵惕惻隱之心하나니,f12ca86c10980593,하나니,하나니,汎論以斷,[],False
맹자집주,419,1529,巫者는 爲人祈祝하여 利人之生하고 匠者는 作爲棺槨하여 利人之死하나니라,17604f3223e5a308,하나니라,하나니라,汎論以斷,[],False
맹자집주,448,1606,三里之城과 七里之郭을 環而攻之而不勝하나니,387280099370174b,하나니,하나니,汎論以斷,[],False
맹자집주,607,2098,孔子曰 君夢커시든 聽於冢宰하나니,aab37c68179fed4b,하나니,하나니,汎論以斷,[],False
맹자집주,624,2161,龍子曰 治地는 莫善於助요 莫不善於貢이니 貢者는 校數歲之中하여 以爲常하나니,d58c60768eca7abd,하나니,하나니,汎論以斷,[],False
맹자집주,624,2162,樂歲엔 粒米狼戾하여 多取之而不爲虐이라도 則寡取之하고 凶年엔 糞其田而不足이라도 則必取盈焉하나니,41eb91bfb5d56ce5,하나니,하나니,汎論以斷,[],False
맹자집주,636,2205,是故로 暴君汚吏는 必慢其經界하나니,89eb13cd5ee81c47,하나니,하나니,汎論以斷,[],False
맹자집주,645,2232,年十六에 別受田二十五畝하고 俟其壯而有室然後에 更受百畝之田하나니라,b1afefe71c7d0b2a,하나니라,하나니라,汎論以斷,[],False
맹자집주,726,2614,不待父母之命과 媒妁之言하고 鑽穴隙相窺하며 踰牆相從하면 則父母國人이 皆賤之하나니,1c8061ab136fd482,하나니,하나니,汎論以斷,[],False
맹자집주,755,2722,子謂薛居州善士也라하여 使之居於王所하나니,63d0ae83c4bf8916,하나니,하나니,汎論以斷,[],False
맹자집주,847,3028,暴其民이 甚이면 則身弑國亡하고 不甚이면 則身危國削하나니,1942d8130db5a1a1,하나니,하나니,汎論以斷,[],False
맹자집주,868,3067,巨室之所慕를 一國慕之하고 一國之所慕를 天下慕之하나니,fe31aa04a9223b5e,하나니,하나니,汎論以斷,[],False
맹자집주,868,3068,故로 沛然德敎가 溢乎四海하나니라,fa97747f051a926a,하나니라,하나니라,汎論以斷,[],False
맹자집주,871,3084,天下有道에는 小德이 役大德하며 小臣이 役大賢하고 天下無道에는 小役大하며 弱役强하나니,154623ee6f8cb05a,하나니,하나니,汎論以斷,[],False
맹자집주,884,3132,安其危而利其菑하여 樂其所以亡者하나니,2653daa3ca3c6293,하나니,하나니,汎論以斷,[],False
맹자집주,913,3197,道在爾而求諸遠하며 事在易而求諸難하나니,761b6cd09dc4beb0,하나니,하나니,汎論以斷,[],False
맹자집주,934,3262,存乎人者 莫良於眸子하니 眸子不能掩其惡하나니,134463f72c91e89d,하나니,하나니,汎論以斷,[],False
맹자집주,938,3275,恭者는 不侮人하고 儉者는 不奪人하나니,a376161f78c585fc,하나니,하나니,汎論以斷,[],False
맹자집주,953,3309,父子之間은 不責善이니 責善則離하나니,28b5ae38931c3240,하나니,하나니,汎論以斷,[],False
맹자집주,1051,3584,以善服人者는 未有能服人者也니 以善養人然後에 能服天下하나니,e4bfcd1116cc2e2d,하나니,하나니,汎論以斷,[],False
맹자집주,1112,3775,禮에 朝廷에 不歷位而相與言하며 不踰階而相揖也하나니,1c074c6598e945a0,하나니,하나니,汎論以斷,[],False
맹자집주,1116,3786,仁者는 愛人하고 有禮者는 敬人하나니,49387c38e04f8df8,하나니,하나니,汎論以斷,[],False
맹자집주,1120,3791,此物이 奚宜至哉오하나니라,7feb2c76eda69277,오하나니라,오하나니라,汎論以斷,[],False
맹자집주,1122,3794,其自反而仁矣며 自反而有禮矣로되 其橫逆이 由是也어든 君子必自反也하여 我必不忠이로다하나니라,ecf6c6210446b627,이로다하나니라,로다하나니라,汎論以斷,[],False
맹자집주,1277,4385,故로 並奏八音이면 則於其未作에 而先擊鎛鍾하여 以宣其聲하고 俟其旣闋而後에 擊特磬하여 以收其韻하나니,2a13c61fd8b837ff,하나니,하나니,汎論以斷,[],False
맹자집주,1427,4849,"是故로 以堯爲君而有象하며 以瞽瞍爲父而有舜하며 以紂爲兄之子요 且以爲君이로되 而有微子啓,王子比干이라하나니",2e309369b08e2525,이라하나니,라하나니,汎論以斷,[],False
맹자집주,1492,5042,人有鷄犬放이면 則知求之하되 有放心而不知求하나니,cad328681878afeb,하나니,하나니,汎論以斷,[],False
맹자집주,1518,5108,君子存誠하여 克念克敬하나니 天君泰然하여 百體從令하나니라,21b79eb3b7581caf,하나니라,하나니라,汎論以斷,[],False
맹자집주,1626,5380,天子適諸侯曰巡狩요 諸侯朝於天子曰述職이니 春省耕而補不足하며 秋省斂而助不給하나니,58ee55c057da476a,하나니,하나니,汎論以斷,[],False
맹자집주,1626,5384,是故로 天子는 討而不伐하고 諸侯는 伐而不討하나니,f4b108c606939a05,하나니,하나니,汎論以斷,[],False
맹자집주,1710,5562,此는 又言中人之性은 常必有過然後에 能改하나니,aca248cec0ad4f05,하나니,하나니,汎論以斷,[],False
맹자집주,1729,5609,是故로 知命者는 不立乎巖墻之下하나니라,bd5813fdde9f9e37,하나니라,하나니라,汎論以斷,[],False
맹자집주,1798,5762,一有感觸이면 則其應甚速而無所不通하나니,a2ff837e940154e5,하나니,하나니,汎論以斷,[],False
맹자집주,1848,5869,流水之爲物也 不盈科면 不行하나니,500e2fe321f1d126,하나니,하나니,汎論以斷,[],False
맹자집주,1953,6117,天下有道엔 以道殉身하고 天下無道엔 以身殉道하나니,1fd96ab63d3e33da,하나니,하나니,汎論以斷,[],False
맹자집주,2004,6241,殺人之父면 人亦殺其父하고 殺人之兄이면 人亦殺其兄하나니,2ba0d7a913e3f03b,하나니,하나니,汎論以斷,[],False
맹자집주,2015,6264,好名之人은 能讓千乘之國이어니와 苟非其人이면 簞食豆羹에 見於色하나니라,7c3b102e9fa98f07,하나니라,하나니라,汎論以斷,[],False
맹자집주,2030,6293,諸侯危社稷이면 則變置하나니라,add8d65bb8070fda,하나니라,하나니라,汎論以斷,[],False
맹자집주,2032,6295,犧牲旣成하며 粢盛旣潔하여 祭祀以時로되 然而旱乾水溢이면 則變置社稷하나니라,7ff5d0f988e8620e,하나니라,하나니라,汎論以斷,[],False
맹자집주,2033,6296,祭祀不失禮로되 而土穀之神이 不能爲民禦災捍患이면 則毁其壇壝而更置之하나니,4302bc8ceb2d5261,하나니,하나니,汎論以斷,[],False
맹자집주,2134,6586,曰 膾炙는 所同也요 羊棗는 所獨也니 諱名不諱姓하나니,d72a6e02e252527e,하나니,하나니,汎論以斷,[],False
서경집전(상),125,856,官占은 惟先蔽志오사 昆命于元龜하나니,4fa6ec51787a67b3,하나니,하나니,汎論以斷,[],False
서경집전(상),126,864,帝言 官占之法은 先斷其志之所向然後에 令之於龜하나니,af76b84ee7941bdf,하나니,하나니,汎論以斷,[],False
서경집전(상),168,1187,帝曰 迪朕德은 時乃功惟敍니 皐陶方祗厥敍하여 方施象刑호되 惟明하나니라,c89855ff9e5dcb32,하나니라,하나니라,汎論以斷,[],False
서경집전(상),171,1233,敔는 狀如伏虎하니 背上에 有二十七鉏鋙刻하여 以籈擽之하나니,484b45e413240079,하나니,하나니,汎論以斷,[],False
서경집전(상),201,1415,夾右碣石하여 入于河하나니라,ef7d6fec8dd111a9,하나니라,하나니라,汎論以斷,[],False
서경집전(상),222,1511,浮于濟漯하여 達于河하나니라,e4fb762e0e53820d,하나니라,하나니라,汎論以斷,[],False
서경집전(상),236,1555,浮于汶하여 達于濟하나니라,e81660a56a01ff43,하나니라,하나니라,汎論以斷,[],False
서경집전(상),254,1642,浮于淮泗하여 達于河하나니라,98af15a72b8a8283,하나니라,하나니라,汎論以斷,[],False
서경집전(상),273,1704,沿于江海하여 達于淮泗하나니라,cdd24b884af7aa2e,하나니라,하나니라,汎論以斷,[],False
서경집전(상),288,1753,惟箘簵楛는 三邦이 底貢厥名하나니라,2f46dcc267588a0d,하나니라,하나니라,汎論以斷,[],False
서경집전(상),290,1779,浮于江沱潛漢하여 逾于洛하여 至于南河하나니라,e858d672dc15a861,하나니라,하나니라,汎論以斷,[],False
서경집전(상),306,1836,浮于洛하여 達于河하나니라,8f17a3a365e45e90,하나니라,하나니라,汎論以斷,[],False
서경집전(상),326,1893,西傾으로 因桓是來하여 浮于潛하며 逾于沔하며 入于渭하여 亂于河하나니라,832395fd5ca0405c,하나니라,하나니라,汎論以斷,[],False
서경집전(상),350,1976,浮于積石하여 至于龍門西河하여 會于渭汭하나니라,57219d3ebd65353a,하나니라,하나니라,汎論以斷,[],False
서경집전(상),397,2282,五百里는 綏服이니 三百里는 揆文敎하고 二百里는 奮武衛하나니라,6093124de098009d,하나니라,하나니라,汎論以斷,[],False
서경집전(상),425,2397,民惟邦本이니 本固라사 邦寧하나니라,30a1876a129c7345,하나니라,하나니라,汎論以斷,[],False
서경집전(상),451,2543,火炎崑岡하면 玉石이 俱焚하나니,cb6ea79b1cadbb7c,하나니,하나니,汎論以斷,[],False
서경집전(상),457,2569,非台小子 敢行稱亂이라 有夏多罪어늘 天命殛之하시나니라,d45fd443c5065507,하시나니라,하시나니라,汎論以斷,[],False
서경집전(상),459,2573,今爾有衆이 汝曰 我后不恤我衆하여 舍我穡事하고 而割正夏라하나니,b5b8c8de9b174fc1,라하나니,라하나니,汎論以斷,[],False
서경집전(상),461,2579,今汝其曰호되 夏罪는 其如台라하나니,3c53adde3bea301b,라하나니,라하나니,汎論以斷,[],False
서경집전(상),523,2887,聖謨洋洋하여 嘉言이 孔彰하시니 惟上帝는 不常하사 作善이어든 降之百祥하시고 作不善이어든 降之百殃하시나니,501ed2b45881aadd,하시나니,하시나니,汎論以斷,[],False
서경집전(상),666,3371,先王設敎에 因俗之善而導之하고 反俗之惡而禁之하나니,b65a745a7ef0957b,하나니,하나니,汎論以斷,[],False
서경집전(상),700,3468,知之曰明哲이니 明哲이 實作則하나니,75bb2b4f9b18c67b,하나니,하나니,汎論以斷,[],False
서경집전(하),36,146,惟受는 罪浮于桀하니 剝喪元良하며 賊虐諫輔하며 謂己有天命이라하며 謂敬不足行이라하며 謂祭無益이라하며 謂暴無傷이라하나니,eabdb30e4b77b528,이라하나니,라하나니,汎論以斷,[],False
서경집전(하),571,2178,相小人한대 厥父母勤勞稼穡이어든 厥子乃不知稼穡之艱難하고 乃逸하며 乃諺하며 旣誕하나니,555857a1406e89d3,하나니,하나니,汎論以斷,[],False
서경집전(하),802,3052,少師少傅少保는 曰三孤니 貳公弘化하여 寅亮天地하여 弼予一人하나니라,62204cf8134669fa,하나니라,하나니라,汎論以斷,[],False
서경집전(하),804,3058,冡宰는 掌邦治하니 統百官하고 均四海하나니라,97486e09c9cffacc,하나니라,하나니라,汎論以斷,[],False
서경집전(하),806,3063,司徒는 掌邦敎하니 敷五典하여 擾兆民하나니라,a8d4f1b44a0702b0,하나니라,하나니라,汎論以斷,[],False
서경집전(하),808,3067,宗伯은 掌邦禮하니 治神人하여 和上下하나니라,f5c6cd78f32b8ceb,하나니라,하나니라,汎論以斷,[],False
서경집전(하),810,3071,司馬는 掌邦政하니 統六師하여 平邦國하나니라,f504869006f030c5,하나니라,하나니라,汎論以斷,[],False
서경집전(하),812,3076,司寇는 掌邦禁하니 詰姦慝하며 刑暴亂하나니라,d158c66cbc5ff36d,하나니라,하나니라,汎論以斷,[],False
서경집전(하),814,3082,司空은 掌邦土하니 居四民하며 時地利하나니라,0539c19b287d8104,하나니라,하나니라,汎論以斷,[],False
서경집전(하),816,3085,六卿이 分職하여 各率其屬하여 以倡九牧하여 阜成兆民하나니라,b94dc181e5b32cad,하나니라,하나니라,汎論以斷,[],False
서경집전(하),818,3091,六年에 五服이 一朝어든 又六年에 王乃時巡하여 考制度于四岳이어시든 諸侯各朝于方岳이어든 大明黜陟하나니라,5f39b04a7ab6863b,하나니라,하나니라,汎論以斷,[],False
서경집전(하),827,3129,作德하면 心逸하여 日休하고 作僞하면 心勞하여 日拙하나니라,4c4106d6de047b5b,하나니라,하나니라,汎論以斷,[],False
시경집전(상),418,984,終風且暴나 顧我則笑하나니,ddef68528174b11a,하나니,하나니,汎論以斷,[],False
시경집전(상),502,1156,習習谷風이 以陰以雨나니,86eb1eb146066471,나니,나니,汎論以斷,[],False
시경집전(상),696,1599,故로 自肆而不反하나니,cce1a79b7a7b34a6,하나니,하나니,汎論以斷,[],False
시경집전(상),991,2319,知我者는 謂我心憂어늘 不知我者는 謂我何求오하나니,5d267478eac1e3f2,오하나니,오하나니,汎論以斷,[],False
시경집전(상),997,2338,知我者는 謂我心憂어늘 不知我者는 謂我何求오하나니,5d267478eac1e3f2,오하나니,오하나니,汎論以斷,[],False
시경집전(상),1002,2345,知我者는 謂我心憂어늘 不知我者는 謂我何求오하나니,5d267478eac1e3f2,오하나니,오하나니,汎論以斷,[],False
시경집전(상),1018,2374,君子陽陽하여 左執簧하고 右招我由房하나니,6ac1712036a58a54,하나니,하나니,汎論以斷,[],False
시경집전(상),1022,2389,君子陶陶하여 左執翿하고 右招我由敖하나니,28512bba03d0c040,하나니,하나니,汎論以斷,[],False
시경집전(상),1297,2991,風雨는 思君子也니 亂世則思君子不改其度焉하나니라,fc2c0f040ee37938,하나니라,하나니라,汎論以斷,[],False
시경집전(상),1306,3011,子衿은 刺學校廢也니 世亂則學校不修焉하나니라,cdcdf77dc80fe1e0,하나니라,하나니라,汎論以斷,[],False
시경집전(상),1377,3165,婚禮에 壻往婦家親迎할새 旣奠鴈하고 御輪而先歸하여 俟于門外라가 婦至則揖以入하나니,207919364b4ab319,하나니,하나니,汎論以斷,[],False
시경집전(상),1434,3278,未幾見兮면 突而弁兮하나니라,9da2e17be625aca7,하나니라,하나니라,汎論以斷,[],False
시경집전(상),1477,3367,終日射侯호되 不出正兮하나니,b320d86f96d0715c,하나니,하나니,汎論以斷,[],False
시경집전(상),1514,3463,彼人是哉어늘 子曰何其오하나니,1109f7b315e139cb,오하나니,오하나니,汎論以斷,[],False
시경집전(상),1522,3479,彼人是哉어늘 子曰何其오하나니,1109f7b315e139cb,오하나니,오하나니,汎論以斷,[],False
시경집전(상),1550,3533,不狩不獵이면 胡瞻爾庭有縣貆兮리오하나니,2fa31a1e7f7bb75c,리오하나니,리오하나니,汎論以斷,[],False
시경집전(상),1556,3556,不狩不獵이면 胡瞻爾庭有縣特兮리오하나니,eacb775a438000b6,리오하나니,리오하나니,汎論以斷,[],False
시경집전(상),1561,3565,不狩不獵이면 胡瞻爾庭有縣鶉兮리오하나니,cce7b12d1b10c8de,리오하나니,리오하나니,汎論以斷,[],False
시경집전(상),1654,3760,綢繆는 刺晉亂也니 國亂이면 則昏姻不得其時焉하나니라,019246f993369a85,하나니라,하나니라,汎論以斷,[],False
시경집전(상),2004,4555,祥冠은 祥則冠之하고 禫則除之하나니,188e411a32b99ace,하나니,하나니,汎論以斷,[],False
시경집전(상),2098,4758,七月流火어든 九月授衣하나니라,411459e4be48cbc6,하나니라,하나니라,汎論以斷,[],False
시경집전(상),2099,4759,一之日觱發하고 二之日栗烈하나니,44e0a1bbfa477543,하나니,하나니,汎論以斷,[],False
시경집전(상),2102,4762,同我婦子하여 饁彼南畝하니 田畯至喜하나니라,82e6ca564cd180b8,하나니라,하나니라,汎論以斷,[],False
시경집전(상),2105,4787,七月流火어든 九月授衣하나니라,4fdccff575f8023a,하나니라,하나니라,汎論以斷,[],False
시경집전(상),2108,4790,春日遲遲어든 采蘩祁祁하나니,a76bb2ce2fd5acc4,하나니,하나니,汎論以斷,[],False
시경집전(상),2115,4814,七月鳴鵙이어든 八月載績하나니,fe92411a7633e9cc,하나니,하나니,汎論以斷,[],False
시경집전(상),2116,4815,載玄載黃하여 我朱孔陽이어든 爲公子裳하나니라,fb587ba0bd1ee6da,하나니라,하나니라,汎論以斷,[],False
시경집전(상),2123,4838,載纘武功하여 言私其豵이요 獻豜于公하나니라,10f6919d964f0c58,하나니라,하나니라,汎論以斷,[],False
시경집전(상),2128,4856,十月蟋蟀이 入我牀下하나니라,0c7092772c716172,하나니라,하나니라,汎論以斷,[],False
시경집전(상),2135,4876,爲此春酒하여 以介眉壽하나니라,754688bbae18b551,하나니라,하나니라,汎論以斷,[],False
시경집전(상),2140,4892,九月築場圃요 十月納禾稼하나니,3364af49d6c502c4,하나니,하나니,汎論以斷,[],False
시경집전(상),2147,4915,二之日鑿冰冲冲하여 三之日納于凌陰하나니,bad215145aef5cf3,하나니,하나니,汎論以斷,[],False
시경집전(상),2148,4916,四之日其蚤에 獻羔祭韭하나니라,6c5f7869025a0eb2,하나니라,하나니라,汎論以斷,[],False
시경집전(상),2152,4936,是以로 冬無愆陽하고 夏無伏陰하고 春無凄風하고 秋無苦雨하며 雷出不震하고 無災霜雹하며 癘疾不降하여 民天夭札也하나니라,983d23a7393e86f7,하나니라,하나니라,汎論以斷,[],False
시경집전(상),2321,5386,原隰裒矣에 兄弟求矣하나니라,8246872c455c4afb,하나니라,하나니라,汎論以斷,[],False
시경집전(상),2349,5453,伐木丁丁이어늘 鳥鳴嚶嚶하나니,51823d6816f4ee1c,하나니,하나니,汎論以斷,[],False
시경집전(상),2515,5831,多則患其不嘉하고 旨則患其不齊하고 有則患其不時하나니,f13c1c5ff634eb5a,하나니,하나니,汎論以斷,[],False
시경집전(상),2676,6208,振旅亦以鼓行金止하나니라,be7c16eec4f83283,하나니라,하나니라,汎論以斷,[],False
시경집전(상),2711,6297,擇取三等하여 自左膘而射之하여 達于右腢를 爲上殺하여 以爲乾豆하여 奉宗廟하고 達右耳本者를 次之하여 以爲賓客하고 射左髀하여 達于右䯚을 爲下殺하여 以充君庖하나니,7dd4450e232c4079,하나니,하나니,汎論以斷,[],False
시경집전(하),143,310,弗躬弗親하여 庶民弗信하나니,5380cfd968f202fb,하나니,하나니,汎論以斷,[],False
시경집전(하),302,664,降喪饑饉하여 斬伐四國하시나니,1409edcfbcb69259,하시나니,하시나니,汎論以斷,[],False
시경집전(하),338,741,鼠思泣血하여 無言不疾하나니,9eecc74229f07083,하나니,하나니,汎論以斷,[],False
시경집전(하),346,764,謀臧은不從하고 不臧을覆用하나니,a7c445264d90379f,하나니,하나니,汎論以斷,[],False
시경집전(하),352,774,謀之不臧을 則具是依하나니,c14d3fbe32aa2ec0,하나니,하나니,汎論以斷,[],False
시경집전(하),363,791,匪大猶是經이요 維邇言是聽하며 維邇言是爭하나니,042f8035fb52a33d,하나니,하나니,汎論以斷,[],False
시경집전(하),441,969,行有死人이어든 尙或墐之하나니,41d9b3ada27783bd,하나니,하나니,汎論以斷,[],False
시경집전(하),470,1044,小人爲讒於其君에 必以漸入之하나니,4d0e87cd6dae4713,하나니,하나니,汎論以斷,[],False
시경집전(하),470,1045,其始也에 進而嘗之하여 君容之而不拒어든 知言之無忌하고 於是復進하나니,bf39d22b04cb1007,하나니,하나니,汎論以斷,[],False
시경집전(하),780,1681,侑는 勸也니 恐尸或未飽하여 祝侑之曰 皇尸未實也라하나니라,c140c48be397dadc,라하나니라,라하나니라,汎論以斷,[],False
시경집전(하),1054,2309,旣立之監이요 或佐之史하나니,016fe7eb6f172d16,하나니,하나니,汎論以斷,[],False
시경집전(하),1055,2310,彼醉不臧을 不醉反恥하나니라,5a7b312f092f57ec,하나니라,하나니라,汎論以斷,[],False
시경집전(하),1129,2456,雨雪瀌瀌나 見晛曰消하나니라,de7e262db2e55504,하나니라,하나니라,汎論以斷,[],False
시경집전(하),1132,2463,雨雪浮浮나 見晛曰流하나니라,cdcfb5ae533dceb4,하나니라,하나니라,汎論以斷,[],False
시경집전(하),1230,2661,滮池北流하여 浸彼稻田하나니라,696a88d86dd990ae,하나니라,하나니라,汎論以斷,[],False
시경집전(하),1238,2676,鼓鍾于宮이어든 聲聞于外하나니라,5eac9d1cbb1e74d2,하나니라,하나니라,汎論以斷,[],False
시경집전(하),1925,4318,靡聖管管하며 不實於亶하나니,4b5cfaa866d73a9e,하나니,하나니,汎論以斷,[],False
시경집전(하),1941,4355,匪我言耄어늘 爾用憂謔하나니,84eba3717346aed3,하나니,하나니,汎論以斷,[],False
시경집전(하),1947,4369,民之方殿屎어늘 則莫我敢葵하나니,8021b26d954f58f3,하나니,하나니,汎論以斷,[],False
시경집전(하),1966,4411,昊天曰旦하사 及爾游衍하시나니라,52568db6a7a1ee8d,하시나니라,하시나니라,汎論以斷,[],False
시경집전(하),1989,4468,女炰烋于中國하여 斂怨以爲德하나니,468d16e194d3337b,하나니,하나니,汎論以斷,[],False
시경집전(하),2017,4518,人亦有言호되 靡哲不愚라하나니,1edfa367dd81b595,라하나니,라하나니,汎論以斷,[],False
시경집전(하),2023,4533,有覺德行이면 四國順之하나니,a8ef210127ba0771,하나니,하나니,汎論以斷,[],False
시경집전(하),2068,4627,其維愚人은 覆謂我僭하나니,9ad9de37278b17a9,하나니,하나니,汎論以斷,[],False
시경집전(하),2145,4779,維彼愚人은 覆狂以喜하나니,ffdda7ec010aa16a,하나니,하나니,汎論以斷,[],False
시경집전(하),2149,4786,維彼忍心을 是顧是復하나니,ca0815d8cfd32744,하나니,하나니,汎論以斷,[],False
시경집전(하),2172,4836,涼曰不可라하나 覆背善詈하나니,67450b81f651284a,하나니,하나니,汎論以斷,[],False
시경집전(하),2291,5107,人亦有言호되 柔則茹之요 剛則吐之라하나니,f611d95acd110ac7,라하나니,라하나니,汎論以斷,[],False
시경집전(하),2296,5114,人亦有言호되 德輶如毛나 民鮮克擧之라하나니,54416c683c9104c1,라하나니,라하나니,汎論以斷,[],False
시경집전(하),2444,5431,豈曰不極이리오 伊胡爲慝고하나니,2699c84a618ff224,고하나니,고하나니,汎論以斷,[],False
시경집전(하),2502,5550,對越在天이요 駿奔走在廟하나니,58a6d8337c251316,하나니,하나니,汎論以斷,[],False
시경집전(하),2531,5625,不顯維德을 百辟其刑之하나니,b437232077c03dd9,하나니,하나니,汎論以斷,[],False
시경집전(하),3062,6829,維女荊楚 居國南鄕하나니,02beeea389dccb50,하나니,하나니,汎論以斷,[],False
시경집전(하),3073,6849,命于下國하사 封建厥福하시나니라,0a07d12945f46b5c,하시나니라,하시나니라,汎論以斷,[],False
예기집설대전1,25,128,賢者는 狎而敬之하며 畏而愛之하며 愛而知其惡하며 憎而知其善하며 積而能散하며 安安而能遷하나니라.,95015be7a89e5596,하나니라,하나니라,汎論以斷,[],False
예기집설대전1,72,276,故로 曰非禮면 不誠不莊이라 하나니라.,5566cc1ceaa2008e,하나니라,하나니라,汎論以斷,[],False
예기집설대전1,73,277,是以로 君子는 恭敬 撙節 退讓하야 以明禮하나니라.,0b67c56ef6f03c43,하나니라,하나니라,汎論以斷,[],False
예기집설대전1,84,312,人이 有禮則安하고 無禮則危하나니,b58ecaaac755db2b,하나니,하나니,汎論以斷,[],False
예기집설대전1,91,334,五十曰艾니 服官政하나니라.,888e371c9eb82e44,하나니라,하나니라,汎論以斷,[],False
예기집설대전1,91,335,六十曰耆니 指使하나니라.,9e4e74f341b7b2eb,하나니라,하나니라,汎論以斷,[],False
예기집설대전1,91,337,八十九十曰耄요. 七年曰悼니 悼與耄는 雖有罪라도 不加刑焉하나니라.,e3145befd3a73aa9,하나니라,하나니라,汎論以斷,[],False
예기집설대전1,106,400,越國而問焉이어든 必告之以其制하나니라.,4dde2779af403eb9,하나니라,하나니라,汎論以斷,[],False
예기집설대전1,115,437,孝子는 一出言擧足에 不敢忘父母하나니,4c2774047bcb0633,하나니,하나니,汎論以斷,[],False
예기집설대전1,117,442,古之仕者는 一命而受爵하고 再命而受衣服하고 三命而受車馬하나니,41d99c2f7c821b8d,하나니,하나니,汎論以斷,[],False
예기집설대전1,167,590,登城不指하며 城上不呼하나니라.,87b4df3562c70f6d,하나니라,하나니라,汎論以斷,[],False
예기집설대전1,181,644,闑東이 爲右니 主人은 入門而右하고 客은 入門而左하나니,a952732401f6c784,하나니,하나니,汎論以斷,[],False
예기집설대전1,298,950,"故로 日月以告君하며 齊戒以告鬼神하며 爲酒食하야 以召鄕黨僚友하나니,",1a8620900a57737a,하나니,하나니,汎論以斷,[],False
예기집설대전1,308,985,賀取妻者하야는 曰某子가 使某호대 聞子의 有客하고 使某로 羞라 하나니라 .,fbebc90436e40d84,하나니라,하나니라,汎論以斷,[],False
예기집설대전1,338,1116,禮食에 三飱而告飽하고 須勸乃更食하나니,f9b050affb24fb3c,하나니,하나니,汎論以斷,[],False
예기집설대전1,366,1190,其獻也는 皆主人親酌授之하나니,dd738f12cbdf2aa8,하나니,하나니,汎論以斷,[],False
예기집설대전1,513,1594,故로 君子는 戒愼하야 不失色於人하나니라.,bf71597f8c3ed713,하나니라,하나니라,汎論以斷,[],False
예기집설대전1,516,1618,故로 君子는 戒愼하야 不失色於人하나니라.,9ae5e5a6d51f8c17,하나니라,하나니라,汎論以斷,[],False
예기집설대전1,527,1654,疏에 曰호대 兵車는 革路也니 尙武猛無推讓이라. 故로 不式하나니라.,9d407c5f4cdd7b0a,하나니라,하나니라,汎論以斷,[],False
예기집설대전1,584,1825,主人이 告筮者云호대 用近某日이라 하나니라 .,541b243f3eb2e609,하나니라,하나니라,汎論以斷,[],False
예기집설대전1,585,1832,"曰호대, 爲日하야 假爾泰龜有常하며 假爾泰筮有常이라 하나니 ,",a50ce8ac60f5bb3e,하나니,하나니,汎論以斷,[],False
예기집설대전1,587,1845,"故로 曰疑而筮之則弗非也하며, 日而行事則必踐之하나니라.",4796eecd20980920,하나니라,하나니라,汎論以斷,[],False
예기집설대전1,590,1854,"若大事則先筮而後卜하나니,",727e0e3e9bca1400,하나니,하나니,汎論以斷,[],False
예기집설대전1,595,1882,僕者가 展視軨徧하고 卽入而效白於君하야 言車駕竟이라 하나니라 .,c2f2442e09758b08,하나니라,하나니라,汎論以斷,[],False
예기집설대전1,597,1884,"疏에 曰호대 僕이 先出就車하야 於車後에 自振其衣以去塵하고, 從右邊升하나니,",94a5c551110e33ed,하나니,하나니,汎論以斷,[],False
예기집설대전1,601,1900,"疏에 曰호대, 君이 出就車則僕이 幷六轡及策하야 置一手中하고, 以一手로 取正綏하야 授於君하야 令登車하나니,",c9e5573d9a4f42c8,하나니,하나니,汎論以斷,[],False
예기집설대전1,610,1934,"犬馬는 充庭實이라 故로 不上堂하나니,",c835d304d4535244,하나니,하나니,汎論以斷,[],False
예기집설대전1,624,1965,"王自乘一하시고, 餘四는 從行臣이 乘하나니,",01a75119d674b019,하나니,하나니,汎論以斷,[],False
예기집설대전1,624,1970,若兵戎革路則君이 在中하시나니라.,dc9a7a53c91f1218,하시나니라,하시나니라,汎論以斷,[],False
예기집설대전1,628,1975,故로 進右手하고 旣御엔 不得常式이라. 故로 但俯俛而爲敬하나니라.,c57a9ccf717ab576,하나니라,하나니라,汎論以斷,[],False
예기집설대전1,643,2020,"君升車則僕者가 授綏하나니,",94b017160a26e0ac,하나니,하나니,汎論以斷,[],False
예기집설대전1,660,2069,"古人之衣는 近體有袍襗之屬하니, 其外有裘요, 夏月則衣葛하나니,",b355f03389b68e15,하나니,하나니,汎論以斷,[],False
예기집설대전1,683,2143,已孤暴貴하얀 不爲父作諡하나니라.,5650a6d0948f2e39,하나니라,하나니라,汎論以斷,[],False
예기집설대전1,707,2216,爲宮室호대 不斬於丘木하나니라.,59f523199afecf12,하나니라,하나니라,汎論以斷,[],False
예기집설대전1,751,2364,"天子者는 君臨天下之總稱이니, 臣民이 通得稱之하나니,",ae275464ef3ec1dd,하나니,하나니,汎論以斷,[],False
예기집설대전1,754,2370,臨諸侯하야 畛於鬼神엔 曰有天王某甫라 하나니라 .,b0e8db8ad5fc1ea6,하나니라,하나니라,汎論以斷,[],False
예기집설대전1,758,2379,"崩에 曰호대 天王이 崩이라 하고 , 復에 曰호대 天子는 復矣라 하고, 喪에 曰호대 天王이 登假라 하고 , 措之廟立之主하고 曰帝라 하나니라 .",df9cdfb56bf59c8a,하나니라,하나니라,汎論以斷,[],False
예기집설대전1,759,2381,王者가 卒則史가 書於策호대 曰天王崩이라 하나니라 .,6190c14206619d88,하나니라,하나니라,汎論以斷,[],False
예기집설대전1,761,2397,"天子가 未除喪하산 曰予小子라 하나니 , 生에 名之하며, 死에 亦名之하나니라.",15b4fea62cc6fd08,하나니라,하나니라,汎論以斷,[],False
예기집설대전1,775,2421,五官이 致貢을 曰享이라 하나니라 .,87a8e54a54f9de45,하나니라,하나니라,汎論以斷,[],False
예기집설대전1,778,2452,"自稱於諸侯엔 曰天子之老라 하고 , 於外엔 曰公이라 하고 , 於其國엔 曰君이라 하나니라 .",d9bb60ee1faa8d69,하나니라,하나니라,汎論以斷,[],False
예기집설대전1,779,2456,"任左右之職을 謂之相이니, 九命而作伯則分主畿外諸侯하나니,",5e79dcb645f23cd0,하나니,하나니,汎論以斷,[],False
예기집설대전1,780,2463,"異姓을안 謂之叔舅라 하시며 , 於外엔 曰侯라 하고 , 於其國엔 曰君이라 하나니라 .",09cbfdfe23a35d78,하나니라,하나니라,汎論以斷,[],False
예기집설대전1,781,2464,"天下는 九州니, 天子가 於每州之中에 擇諸侯之賢者一人하야, 加之一命하야, 使主一州內之列國하니, 取牧養下民之義라. 故로 曰牧이라 하나니라 .",2ef69de5b3767c2c,하나니라,하나니라,汎論以斷,[],False
예기집설대전1,783,2473,"於內엔 自稱曰不穀이라 하고 , 於外엔 自稱曰王老라 하나니라 .",465d972a427e4440,하나니라,하나니라,汎論以斷,[],False
예기집설대전1,785,2485,"於外엔 曰子라 하고 , 自稱엔 曰孤라 하나니라 .",c5b2695a9f05c7e9,하나니라,하나니라,汎論以斷,[],False
예기집설대전1,788,2491,"天子가 當依而立이어시든 諸侯가 北面而見天子를 曰覲이라 하고 , 天子가 當宁而立이어시든 諸公은 東面하고, 諸侯는 西面을 曰朝라 하나니라 .",5b4c2a4db06d1446,하나니라,하나니라,汎論以斷,[],False
예기집설대전1,793,2511,"諸侯가 未及期하야 相見을 曰遇라 하고 , 相見於郤地를 曰會라 하나니라 .",912fa1b08dbb7d14,하나니라,하나니라,汎論以斷,[],False
예기집설대전1,797,2518,"約信을 曰誓요, 涖牲을 曰盟이라 하나니라 .",4118cc403c53ebbb,하나니라,하나니라,汎論以斷,[],False
예기집설대전1,800,2531,"諸侯가 見天子엔 曰臣某侯某라 하고 , 其與民言엔 自稱曰寡人이라 하고 , 其在凶服하얀 曰適子孤라 하나니라 .",067f15df4b6abf30,하나니라,하나니라,汎論以斷,[],False
예기집설대전1,802,2537,"死曰薨이라 하고 , 復曰某甫는 復矣라 하나니라 .",bb20dc54fdc0d031,하나니라,하나니라,汎論以斷,[],False
예기집설대전1,804,2546,"旣葬하고 見天子曰類見이라 하고 , 言諡曰類라 하나니라 .",634c8011a54db80a,하나니라,하나니라,汎論以斷,[],False
예기집설대전1,807,2549,"諸侯가 使人으로 使於諸侯어든, 使者가 自稱曰寡君之老라 하나니라 .",074dac64eabb9cdc,하나니라,하나니라,汎論以斷,[],False
예기집설대전1,819,2576,"自稱於其君을 曰小童이라 하나니 ,",1f9ef5d93de2332a,하나니,하나니,汎論以斷,[],False
예기집설대전1,819,2577,自世婦以下는 自稱曰婢子라 하나니라 .,e878a3ed9649f6e4,하나니라,하나니라,汎論以斷,[],False
예기집설대전1,821,2580,子는 於父母엔 則自名也하나니라.,7a9d5efec829fa17,하나니라,하나니라,汎論以斷,[],False
예기집설대전1,826,2592,"君子는 不親惡이라. 諸侯가 失地어든 名하며, 滅同姓이어든 名하나니라.",42ca47599f6e8e7b,하나니라,하나니라,汎論以斷,[],False
예기집설대전1,861,2679,士는 祭其先하나니라.,0562bc38c903a498,하나니라,하나니라,汎論以斷,[],False
예기집설대전1,915,2778,幣曰量幣라 하나니라 .,63b655bdecc314ce,하나니라,하나니라,汎論以斷,[],False
예기집설대전1,919,2789,"羽鳥曰降이오, 四足曰漬요, 死寇曰兵이라 하나니라 .",8cfe67e5ab99f81d,하나니라,하나니라,汎論以斷,[],False
예기집설대전1,924,2808,"壽考曰卒이오, 短折曰不祿이라 하나니라 .",538aa3d04cd75562,하나니라,하나니라,汎論以斷,[],False
예기집설대전1,937,2843,故로 輟朝而顧를 君子가 謂之固라 하나니라 .,7dd93ab51dd983e2,하나니라,하나니라,汎論以斷,[],False
예기집설대전1,943,2856,"至敬은 不壇하고 掃地而祭하며, 牲用犢하며 酌用陶匏하며 席用藁秸하나니,",5ee7037c9b46fa80,하나니,하나니,汎論以斷,[],False
예기집설대전2,114,152,故君子는 有終身之憂하고 而無一朝之患이니 故忌日에 不樂(악)하나니라,e10acb0153da0e06,하나니라,하나니라,汎論以斷,[],False
예기집설대전2,370,528,古者엔 冠을 縮縫이러니 今也엔 衡(횡)縫하나니,ba7a3e6d05843632,하나니,하나니,汎論以斷,[],False
예기집설대전2,379,542,故君子之執親之喪也에 水漿을 不入於口者三日하야 杖而后能起하나니라,ff3199711b668055,하나니라,하나니라,汎論以斷,[],False
예기집설대전2,672,953,及葬하야 毁宗躐行하야 出于大門이 殷道也니 學者行之하나니라,d22a8fc5840048af,하나니라,하나니라,汎論以斷,[],False
예기집설대전2,980,1414,君이 卽位어시든 而爲椑(벽)하야 歲一漆之하야 藏焉하나니라,7b1d6a5e27ca4ff6,하나니라,하나니라,汎論以斷,[],False
예기집설대전2,986,1423,復과 楔齒와 綴(졸)足과 飯과 設飾과 帷堂을 竝作하나니라,59a7b1e2db0b78f3,하나니라,하나니라,汎論以斷,[],False
예기집설대전2,992,1433,君은 復於小寢과 大寢과 小祖와 大祖와 庫門과 四郊하나니라,91751b27d8e948d5,하나니라,하나니라,汎論以斷,[],False
예기집설대전2,1005,1453,朝奠은 日出하고 夕奠은 逮日하나니라,9a2dac570dc5b225,하나니라,하나니라,汎論以斷,[],False
예기집설대전2,1039,1496,天子之棺은 四重하야 水兕革棺을 被之호대 其厚三寸이요 杝棺一과 梓棺二니 四者를 皆周하나니라,29ec9ee759023485,하나니라,하나니라,汎論以斷,[],False
예기집설대전2,1322,1893,殷之禮는 窆畢에 賓就墓所弔主人하고 周禮則俟主人反哭而後弔하나니,adf85aec7b86e5a0,하나니,하나니,汎論以斷,[],False
예기집설대전2,1397,1991,喪之朝也는 順死者之孝心也니 其哀離其室也일새니라 故至於祖考之廟而后行하나니,1981f89f50e270f8,하나니,하나니,汎論以斷,[],False
예기집설대전2,1544,2203,古者에 天子崩커시든 王世子聽於冡宰三年하나니라,e6d9b9e13c5a368c,하나니라,하나니라,汎論以斷,[],False
예기집설대전2,1759,2516,顔柳曰 天子는 龍輴(춘)而槨幬(도)하고 諸侯는 輴而設幬호대 爲楡沈(심)이라 故設撥하나니,e9c8c5a388e698ae,하나니,하나니,汎論以斷,[],False
예기집설대전2,1894,2694,天子崩이어시든 三日에 祝先服하고 五日에 官長服하고 七日에 國中男女服하고 三月에 天下服하나니라,c71247e384e9e170,하나니라,하나니라,汎論以斷,[],False
예기집설대전2,1896,2698,國中男女는 謂畿內民及庶人在官者니 服齊衰三月而除하나니라,1a691dda39380415,하나니라,하나니라,汎論以斷,[],False
예기집설대전2,1907,2710,虞人이 致百祀之木可以爲棺槨者斬之호대 不至者는 廢其祀하며 刎其人하나니라,22f01b1a369eff02,하나니라,하나니라,汎論以斷,[],False
예기집설대전2,1947,2762,路馬死어든 埋之以帷하나니라,ddb6cc86b3617afe,하나니라,하나니라,汎論以斷,[],False
예기집설대전2,2024,2882,君子之尙友에 以一鄕爲未足이면 則友於一國하고 以一國爲未足이면 則友之天下하며 以天下爲未足이면 則尙論古之人하나니,6a48c447649ef8eb,하나니,하나니,汎論以斷,[],False
자치통감강목1,247,594,聖人之慮가 遠이라 故能謹其微而治之하고 衆人之識이 近이라 故必待其著而後救之하나니,b508690c95d0a09e,하나니,하나니,汎論以斷,[],False
자치통감강목1,389,967,論至德者不和於俗하고 成大功者不謀於衆하나니,70aed9591be5d06d,하나니,하나니,汎論以斷,[],False
자치통감강목1,416,1061,故杞梓連抱而有數尺之朽라도 良工은 不棄하나니,b0a7fc4358b9bb87,하나니,하나니,汎論以斷,[],False
자치통감강목1,416,1065,子思曰 人主自臧則衆謀不進하나니,97b4dac2dfe099ef,하나니,하나니,汎論以斷,[],False
자치통감강목1,416,1072,君臣이 旣自賢矣어든 而群下同聲賢之하니 賢之則順而有福하고 矯之則逆而有禍하나니,c60715e474f3b115,하나니,하나니,汎論以斷,[],False
자치통감강목1,423,1098,善戰者는 因其勢而利導之하나니,81b23fa115ed49c1,하나니,하나니,汎論以斷,[],False
자치통감강목1,425,1119,軍旣相距에 鞅이 遺卬書曰 吾始與公子驩이라가 今俱爲兩國將하야 不忍相攻하나니,4ef4742c135c51be,하나니,하나니,汎論以斷,[],False
자치통감강목1,453,1206,且秦攻燕에 戰於千里之外하고 趙攻燕에 戰於百里之內하나니,578c11904bb3d7f3,하나니,하나니,汎論以斷,[],False
자치통감강목1,454,1215,而衡人이 日夜에 務以秦權으로 恐愒諸侯하야 使之割地以事秦하나니,c787eeece8cecff2,하나니,하나니,汎論以斷,[],False
자치통감강목1,455,1221,秦이 乃說韓宣惠王曰 韓이 地方九百餘里요 帶甲이 數十萬이요 天下之彊弓勁弩利劒이 皆從韓出하나니,86ad10e18e4dd6d0,하나니,하나니,汎論以斷,[],False
자치통감강목1,457,1232,秦之攻齊則不然하야 倍韓魏過陽晉經亢父之險이라 車不得方軌하고 騎不得比行하야 百人이 守險에 千人이 不敢過也하나니,c008b5ad506ca42c,하나니,하나니,汎論以斷,[],False
자치통감강목1,523,1410,於是에 齊王이 問於孟子曰 或謂寡人勿取라하며 或謂寡人取之라하나니,4a0952d7c659985b,라하나니,라하나니,汎論以斷,[],False
자치통감강목1,542,1488,楚王이 囚將殺之러니 尙이 謂袖曰 秦王이 甚愛張儀하야 將以六縣及美女贖之하나니,55bac38e26b2e960,하나니,하나니,汎論以斷,[],False
자치통감강목1,543,1499,山東之士被甲蒙冑而會戰이어든 秦人은 捐甲徒裼以趨敵하나니,81ed7a13221794d0,하나니,하나니,汎論以斷,[],False
자치통감강목1,562,1567,王이 使人請之曰 家聽於親하고 國聽於君하나니,d222c3f27733dc37,하나니,하나니,汎論以斷,[],False
자치통감강목1,641,1801,毅曰 齊王이 伐功矜能하고 謀不逮下하고 廢黜賢良하며 信任諂諛하야 政令戾虐한대 百姓怨懟하나니,e2c73c1d81372647,하나니,하나니,汎論以斷,[],False
자치통감강목1,657,1865,故修禮者는 王하고 爲政者는 彊하고 取民者는 安하고 聚斂者는 亡하나니라,4cc01b7a26424a8c,하나니라,하나니라,汎論以斷,[],False
자치통감강목1,672,1938,故且緩攻卽墨하야 以待其事하나니,dbdaa69aff2d836f,하나니,하나니,汎論以斷,[],False
자치통감강목1,678,1996,古之君子交絶에 不出惡聲하고 忠臣이 去國에 不絜其名하나니,9423a43b1b26d739,하나니,하나니,汎論以斷,[],False
자치통감강목1,732,2184,左師曰 父母愛其子에 則爲之計深遠하나니,e1ec5a5010487f4a,하나니,하나니,汎論以斷,[],False
자치통감강목1,771,2386,且公子嘗爲報其父仇하니 如姬欲爲公子하야 死無所辭하나니,666466997b8c6639,하나니,하나니,汎論以斷,[],False
자치통감강목1,772,2388,公子如其言하야 得兵符어늘 侯生曰 將이 在外에 君令을 有所不受하나니,5f4f42f9f17c008c,하나니,하나니,汎論以斷,[],False
자치통감강목1,783,2429,今異人이 賢호대 而自知中子라 不得爲適하나니,c49c6c6fab198636,하나니,하나니,汎論以斷,[],False
자치통감강목2,4,18,進退嬴縮이 與時變化하나니,7667591d686250a9,하나니,하나니,汎論以斷,[],False
자치통감강목2,220,558,今妾이 有娠而人莫知하나니,f3ed6997976f766b,하나니,하나니,汎論以斷,[],False
자치통감강목2,269,673,確乎不憂其不合也하나니,bfbb5e645e0c0540,하나니,하나니,汎論以斷,[],False
자치통감강목2,273,682,君子는 親其親하야 以及人之親하고 愛其國하야 以及人之國하나니,83e1f507a8229978,하나니,하나니,汎論以斷,[],False
자치통감강목2,302,734,燕小不足以當秦하며 諸侯又皆服秦하야 莫敢合從하나니,a2e6d2133fd5a7cc,하나니,하나니,汎論以斷,[],False
자치통감강목2,401,1033,物有其根則常而靜하고 安而久니 常靜安久則理得其終하며 物遂其性하나니,415bf2cf31f05b02,하나니,하나니,汎論以斷,[],False
자치통감강목2,401,1036,理之易治하고 亂之難亡하며 扶之易興하고 亡之難滅하나니,d0c47b09713da28f,하나니,하나니,汎論以斷,[],False
자치통감강목2,551,1447,然沙丘之謀를 諸公子及大臣이 皆疑焉하나니,e4619e88b8d744da,하나니,하나니,汎論以斷,[],False
자치통감강목2,631,1697,此兩人이 名爲求之나 實欲燕殺之而分趙自立하나니,31c73a9570674ba6,하나니,하나니,汎論以斷,[],False
자치통감강목2,751,2040,敗하나니,80cd4d9942a516a5,하나니,하나니,汎論以斷,[],False
자치통감강목2,830,2261,且天之亡秦은 無愚智皆知之하나니,cf701375cc173301,하나니,하나니,汎論以斷,[],False
자치통감강목2,987,2591,皆曰 用賢은 所以養民也라하나니,59af45944ef738e7,라하나니,라하나니,汎論以斷,[],False
자치통감강목2,1131,2962,善用兵者는 不以短擊長이요 而以長擊短하나니,1c66dfb66d0335dc,하나니,하나니,汎論以斷,[],False
자치통감강목2,1172,3097,酈生이 曰 王者는 以民爲天이니 而民以食爲天하나니,03807c7f728f4594,하나니,하나니,汎論以斷,[],False
자치통감강목2,1188,3143,項王은 有倍約之名하고 有殺義帝之負하며 記人之罪하고 忘人之功하니 賢才怨之하야 莫爲之用하나니,54a450028f8593b3,하나니,하나니,汎論以斷,[],False
자치통감강목2,1239,3272,野獸已盡而獵狗烹하나니,033040e5f777db92,하나니,하나니,汎論以斷,[],False
자치통감강목3,31,71,漢은 屈群策하여 群策屈群力이어늘 楚는 憞群策而自屈其力하니 屈人者는 克하고 自屈者는 負하나니,52f65b8078c58c6b,하나니,하나니,汎論以斷,[],False
자치통감강목3,354,872,欲省賦甚호대 今에 獻未有程이라 吏或多賦以爲獻하여 民疾之하나니,8f57d4b653fea9e0,하나니,하나니,汎論以斷,[],False
자치통감강목3,442,1081,通曰 太子는 天下本이니 本一搖하면 天下震動하나니,86d87f68764982b9,하나니,하나니,汎論以斷,[],False
자치통감강목3,763,1747,老者는 非帛不煖하고 非肉不飽하나니,22279cfdaa005386,하나니,하나니,汎論以斷,[],False
자치통감강목3,828,1907,人主不徳하면 天示之災하여 以戒不治하나니,714c3b81807eff69,하나니,하나니,汎論以斷,[],False
자치통감강목3,855,1975,聖主는 不乘危하며 不徼幸하나니,95233f7c44d3a4d8,하나니,하나니,汎論以斷,[],False
자치통감강목3,1783,3994,故로 盡小者는 大하고 愼微者는 著하여 積善在身은 猶長日加益而人不知也하고 積惡在身은 猶火銷膏而人不見也하나니,cf840b8f8ad5ebed,하나니,하나니,汎論以斷,[],False
자치통감강목5,146,315,附枝大者는 賊本心하고 私家盛者는 公室危하나니,04debb727df6b745,하나니,하나니,汎論以斷,[],False
자치통감강목5,349,777,夏侯勝曰 有陰德者는 必饗其樂하나니,3ab55f1ff1e03cc9,하나니,하나니,汎論以斷,[],False
자치통감강목5,361,806,賢而多財則損其志하고 愚而多財則益其過하나니라,7afd8d8ef3881112,하나니라,하나니라,汎論以斷,[],False
자치통감강목5,419,939,服絺綌之涼者는 不苦盛暑之鬱燠하고 襲貂狐之煗者는 不憂至寒之悽愴하나니,f8e7fbcfab8d400b,하나니,하나니,汎論以斷,[],False
자치통감강목5,426,961,化溢四表하고 橫被無窮하여 休徵自至하고 壽考無疆하나니,0a9f0caa7dd8a3e8,하나니,하나니,汎論以斷,[],False
자치통감강목5,438,996,故로 王者未制禮之時에 引先王禮宜於今者而用之하나니,b7912ec6335ec594,하나니,하나니,汎論以斷,[],False
자치통감강목5,490,1105,先零이 欲叛故로 與䍐幵解仇하여 常欲先赴䍐幵之急하여 以堅其約하나니,cad35e1b9ceefdfe,하나니,하나니,汎論以斷,[],False
자치통감강목5,537,1242,竊見北邊하니 自燉煌으로 至遼東히 萬一千五百餘里에 乘塞列地하여 有吏卒數千人이라 虜數以大衆攻之而不能害하나니,d7ad67ef6c4456c5,하나니,하나니,汎論以斷,[],False
자치통감강목5,550,1271,王太后數出游獵이어늘 敞諫曰 禮에 君母出門則乘輜輧하고 下堂則從傅母하나니,3146309d0c4a966f,하나니,하나니,汎論以斷,[],False
자치통감강목5,569,1317,然이나 有識者以爲虜勢窮困하니 兵雖不出이나 必自服矣라하나니,e8d59e372aa32eb0,라하나니,라하나니,汎論以斷,[],False
자치통감강목5,621,1423,吏不廉平則治道衰하나니,4f9bbfcfc770717a,하나니,하나니,汎論以斷,[],False
자치통감강목5,1238,2839,論大功者는 不錄小過하고 擧大美者는 不疵小瑕하나니,786a95b34b7d90c7,하나니,하나니,汎論以斷,[],False
자치통감강목5,1401,3181,故로 君子聞鼓鼙之聲이면 則思將帥之臣하나니,ce1d086265a27b2a,하나니,하나니,汎論以斷,[],False
자치통감강목6,155,321,王者先必自絶然後에 天絶之하나니,9e24ecfcfb9f6b3e,하나니,하나니,汎論以斷,[],False
자치통감강목6,160,333,財竭則下畔하고 下畔則上亡하나니,48a7037eddfe825d,하나니,하나니,汎論以斷,[],False
자치통감강목6,213,450,是以로 明王은 距而不聽하고 聖人은 絶而不語하나니,76ae7705679daeaa,하나니,하나니,汎論以斷,[],False
자치통감강목6,235,493,士者는 國之重器니 得士則重하고 失士則輕하나니,ba7bbdd2f87c7704,하나니,하나니,汎論以斷,[],False
자치통감강목6,250,537,故로 權臣이 易世則危하나니,6ca2e83e5bc5fc2a,하나니,하나니,汎論以斷,[],False
자치통감강목6,291,624,禍起細微하고 姦生所易하나니,45c2816985f30199,하나니,하나니,汎論以斷,[],False
자치통감강목6,570,1224,君不修道하면 則日失其度하여 晻昧無光하나니,88e341002d9fdac9,하나니,하나니,汎論以斷,[],False
자치통감강목6,634,1380,今奉使外蠻者 未嘗不陳郅支之誅하여 以揚漢國之盛하나니,b0f2fb8a1efe30be,하나니,하나니,汎論以斷,[],False
자치통감강목6,668,1472,聖王制禮에 取法於天地하니 尊卑之禮明이면 則人倫之序正하나니,8104443bbccbef87,하나니,하나니,汎論以斷,[],False
자치통감강목6,687,1521,君子作文에 爲賢者諱하나니,5e096755e627ea60,하나니,하나니,汎論以斷,[],False
자치통감강목6,696,1542,上이 問之한대 對曰 猛獸得人而止하나니,31fa4e6b229dda82,하나니,하나니,汎論以斷,[],False
자치통감강목6,828,1835,大司農錢은 自乘輿로 不以給共養이요 共養勞賜는 一出少府하나니,a2cf29ab8c0f47ce,하나니,하나니,汎論以斷,[],False
자치통감강목6,915,2049,由後視前에 忿邑非之라가 逮身所行하여는 不自鏡見하고 則以爲可라하나니,64cffe1d725aff53,라하나니,라하나니,汎論以斷,[],False
자치통감강목7,32,41,師友祭酒滿昌이 劾奏使者曰 夷狄이 以中國有禮誼故로 屈而服從하나니,3655c8f104de83cf,하나니,하나니,汎論以斷,[],False
자치통감강목7,1587,2212,是以로 人君이 夙夜求之하여 唯懼弗得聞하나니,dd77b504fffb17c8,하나니,하나니,汎論以斷,[],False
주역전의(상),50,278,爲六十四하나니라,be5b1b802aa0b93f,하나니라,하나니라,汎論以斷,[],False
주역전의(상),94,470,若念得不熟與인댄 就上添一德이라도 亦不覺多하고 就上減一德이라도 亦不覺少하리니 譬如不識此丌子하면 若減一隻脚이라도 不覺是少하고 添一隻脚이라도 亦不知是多하나니,1e5b468cc1dc08f7,하나니,하나니,汎論以斷,[],False
주역전의(상),231,1003,雲行雨施하여 品物이 流形하나니라,5dd45f5eea70ff75,하나니라,하나니라,汎論以斷,[],False
주역전의(상),233,1005,大明終始하면 六位時成하나니 時乘六龍하여 以御天하나니라,0caa01ecc8fffc67,하나니라,하나니라,汎論以斷,[],False
주역전의(상),238,1016,首出庶物에 萬國이 咸寧하나니라,8b7ecd12d2a1bb41,하나니라,하나니라,汎論以斷,[],False
주역전의(상),241,1039,天行이 健하니 君子以하여 自彊不息하나니라,6113cd3f6d81fb37,하나니라,하나니라,汎論以斷,[],False
주역전의(상),288,1132,是故로 居上位而不驕하며 在下位而不憂하나니,4a030d7e5a580ef1,하나니,하나니,汎論以斷,[],False
주역전의(상),294,1165,聖人作而萬物覩하나니,00381f6919b21fad,하나니,하나니,汎論以斷,[],False
주역전의(상),358,1268,是以君子弗用也하나니라,13ecef9278503c1b,하나니라,하나니라,汎論以斷,[],False
주역전의(상),396,1359,含弘光大하여 品物이 咸亨하나니라,68cae53a8c47630c,하나니라,하나니라,汎論以斷,[],False
주역전의(상),407,1398,地勢坤이니 君子以하여 厚德으로 載物하나니라,c029738845742d19,하나니라,하나니라,汎論以斷,[],False
주역전의(상),408,1402,君子觀坤厚之象하여 以深厚之德으로 容載庶物하나니라,6afaf53c120353a8,하나니라,하나니라,汎論以斷,[],False
주역전의(상),410,1405,初六은 履霜하면 堅冰至하나니라,657ca7fea60e8687,하나니라,하나니라,汎論以斷,[],False
주역전의(상),413,1422,履霜堅冰은 陰始凝也니 馴致其道하여 至堅冰也하나니라,56279dae143f0762,하나니라,하나니라,汎論以斷,[],False
주역전의(상),459,1547,承天而時行하나니라,6f378326b42cb3d9,하나니라,하나니라,汎論以斷,[],False
주역전의(상),502,1663,雲雷屯이니 君子以하여 經綸하나니라,d91e6ff1120a79b9,하나니라,하나니라,汎論以斷,[],False
주역전의(상),554,1833,山下出泉이 蒙이니 君子以하여 果行하며 育德하나니라,1e2c1f7f5ddaf2c6,하나니라,하나니라,汎論以斷,[],False
주역전의(상),608,1970,雲上於天이 需니 君子以하여 飮食宴樂하나니라,c41bd71a241cd55b,하나니라,하나니라,汎論以斷,[],False
주역전의(상),665,2132,天與水違行이 訟이니 君子以하여 作事謀始하나니라,f0263508af8636ec,하나니라,하나니라,汎論以斷,[],False
주역전의(상),726,2284,地中有水師니 君子以하여 容民畜衆하나니라,81bb8487bd3dc3ed,하나니라,하나니라,汎論以斷,[],False
주역전의(상),727,2285,容民畜衆하나니라,9d7343ac8a38cf66,하나니라,하나니라,汎論以斷,[],False
주역전의(상),852,2641,風行天上이 小畜이니 君子以하여 懿文德하나니라,b97b0e333163e684,하나니라,하나니라,汎論以斷,[],False
주역전의(상),905,2806,上天下澤이 履니 君子以하여 辨上下하여 定民志하나니라,c84b0e299966d7f8,하나니라,하나니라,汎論以斷,[],False
주역전의(상),906,2815,君子觀履之象而分辨上下하여 使各當其分하여 以定民之心志也하나니라,7d1c71d445880e66,하나니라,하나니라,汎論以斷,[],False
주역전의(상),953,2925,天地交泰니 后以하여 財成天地之道하며 輔相天地之宜하여 以左右民하나니라,171f95a08a5ecec2,하나니라,하나니라,汎論以斷,[],False
주역전의(상),1054,3221,唯君子야 爲能通天下之志하나니라,217ab6f467d36a90,하나니라,하나니라,汎論以斷,[],False
주역전의(상),1057,3228,天與火同人이니 君子以하여 類族으로 辨物하나니라,8f858d0c9d42dceb,하나니라,하나니라,汎論以斷,[],False
주역전의(상),1058,3229,類族辨物하나니라,3d5d2a274e7ec12e,하나니라,하나니라,汎論以斷,[],False
주역전의(상),1106,3375,火在天上이 大有니 君子以하여 遏惡揚善하여 順天休命하나니라,e4c7b699fc4b56fe,하나니라,하나니라,汎論以斷,[],False
주역전의(상),1160,3515,人道는 惡盈而好謙하나니,dbeae0e7c464c8af,하나니,하나니,汎論以斷,[],False
주역전의(상),1165,3526,地中有山이 謙이니 君子以하여 裒多益寡하여 稱物平施하나니라,e7fb368ea18fdb72,하나니라,하나니라,汎論以斷,[],False
주역전의(상),1199,3624,利用行師나 征邑國하나니라,4eddf47d3c4dd3f4,하나니라,하나니라,汎論以斷,[],False
주역전의(상),1216,3668,天地以順動이라 故로 日月不過而四時不忒하고 聖人이 以順動이라 則刑罰淸而民服하나니,254b055afbbd4709,하나니,하나니,汎論以斷,[],False
주역전의(상),1232,3716,君子見幾而作하여 不俟終日하나니,86771c40059c308a,하나니,하나니,汎論以斷,[],False
주역전의(상),1266,3842,大亨하고 貞하여 无咎하여 而天下隨時하나니,ef321c050170d250,하나니,하나니,汎論以斷,[],False
주역전의(상),1267,3843,而天下隨하나니,b1121be0bf2f23d8,하나니,하나니,汎論以斷,[],False
주역전의(상),1274,3859,澤中有雷 隨니 君子以하여 嚮晦入宴息하나니라,2fa69ca637507b9f,하나니라,하나니라,汎論以斷,[],False
주역전의(상),1332,4024,山下有風이 蠱니 君子以하여 振民하며 育德하나니라,1038316ed7fa3425,하나니라,하나니라,汎論以斷,[],False
주역전의(상),1381,4155,澤上有地臨이니 君子以하여 敎思无窮하며 容保民이 无疆하나니라,0399bbbca524c69d,하나니라,하나니라,汎論以斷,[],False
주역전의(상),1531,4567,觀乎人文하여 以化成天下하나니라,0a503a10c439dc31,하나니라,하나니라,汎論以斷,[],False
주역전의(상),1534,4586,山下有火賁니 君子以하여 明庶政하되 无敢折獄하나니라,4ea6093314292d2c,하나니라,하나니라,汎論以斷,[],False
주역전의(상),1584,4726,山附於地剝이니 上이 以하여 厚下하여 安宅하나니라,b68e743eb4b43ae5,하나니라,하나니라,汎論以斷,[],False
주역전의(상),1743,5179,天在山中이 大畜이니 君子以하여 多識前言往行하여 以畜其德하나니라,aed72e17583866c4,하나니라,하나니라,汎論以斷,[],False
주역전의(상),1770,5260,在上者 不知止惡之方하여 嚴刑以敵民欲이면 則其傷甚而无功하나니,01e1277595362348,하나니,하나니,汎論以斷,[],False
주역전의(상),1788,5312,山下有雷頤니 君子以하여 愼言語하며 節飮食하나니라,4add4265af9301a1,하나니라,하나니라,汎論以斷,[],False
주역전의(상),1840,5470,澤滅木이 大過니 君子以하여 獨立不懼하며 遯世无悶하나니라,afadb4fdb500a961,하나니라,하나니라,汎論以斷,[],False
주역전의(상),1891,5623,水洊至習坎이니 君子以하여 常德行하며 習敎事하나니라,817e155d135c5b1f,하나니라,하나니라,汎論以斷,[],False
주역전의(상),1935,5765,重明으로 以麗乎正하여 乃化成天下하나니라,70230c7d1474a066,하나니라,하나니라,汎論以斷,[],False
주역전의(상),1941,5778,明兩이 作離하니 大人이 以하여 繼明하여 照于四方하나니라,e95890eeba71269f,하나니라,하나니라,汎論以斷,[],False
주역전의(하),13,51,山上有澤이 咸이니 君子以하여 虛受人하나니라,b818b2498355b355,하나니라,하나니라,汎論以斷,[],False
주역전의(하),73,236,雷風이 恒이니 君子以하여 立不易方하나니라,23788f52cbb326b5,하나니라,하나니라,汎論以斷,[],False
주역전의(하),125,372,天下有山이 遯이니 君子以하여 遠小人호되 不惡而嚴하나니라,e4a350e3e5dcf646,하나니라,하나니라,汎論以斷,[],False
주역전의(하),171,485,雷在天上이 大壯이니 君子以하여 非禮弗履하나니라,da60c8b76788a214,하나니라,하나니라,汎論以斷,[],False
주역전의(하),218,640,明出地上이 晉이니 君子以하여 自昭明德하나니라,b93ef5704ef257c8,하나니라,하나니라,汎論以斷,[],False
주역전의(하),268,773,明入地中이 明夷니 君子以하여 莅衆에 用晦而明하나니라,4a9e9f1abd4a4c9c,하나니라,하나니라,汎論以斷,[],False
주역전의(하),316,926,風自火出이 家人이니 君子以하여 言有物而行有恒하나니라,8e423a2663d8c098,하나니라,하나니라,汎論以斷,[],False
주역전의(하),368,1071,上火下澤이 睽니 君子以하여 同而異하나니라,c9bd3bd9f002097f,하나니라,하나니라,汎論以斷,[],False
주역전의(하),422,1263,山上有水蹇이니 君子以하여 反身修德하나니라,10332b96a0c508f8,하나니라,하나니라,汎論以斷,[],False
주역전의(하),474,1421,雷雨作이 解니 君子以하여 赦過宥罪하나니라,204675e4fa457dc5,하나니라,하나니라,汎論以斷,[],False
주역전의(하),525,1594,山下有澤이 損이니 君子以하여 懲忿窒欲하나니라,1dfe7f6efdbbda49,하나니라,하나니라,汎論以斷,[],False
주역전의(하),582,1746,風雷益이니 君子以하여 見善則遷하고 有過則改하나니라,3d4197e262af100a,하나니라,하나니라,汎論以斷,[],False
주역전의(하),621,1870,繫辭曰 君子安其身而後動하며 易其心而後語하며 定其交而後求하나니 君子修此三者라 故全也하나니,032efaf8562aae40,하나니,하나니,汎論以斷,[],False
주역전의(하),643,1926,澤上於天이 夬니 君子以하여 施祿及下하며 居德하여 則忌하나니라,67852916837123a4,하나니라,하나니라,汎論以斷,[],False
주역전의(하),701,2087,天下有風이 姤니 后以하여 施命誥四方하나니라,483309d22308f211,하나니라,하나니라,汎論以斷,[],False
주역전의(하),764,2271,澤上於地 萃니 君子以하여 除戎器하여 戒不虞하나니라,e4004644a35ae99e,하나니라,하나니라,汎論以斷,[],False
주역전의(하),774,2295,引吉无咎는 引者는 相牽也니 人之交相求則合하고 相待則離하나니,797e8304665e1147,하나니,하나니,汎論以斷,[],False
주역전의(하),800,2382,君子愼其所處하여 非義不居하며 不幸而有危困이면 則泰然自安하여 不以累其心하나니,e064f2463b981687,하나니,하나니,汎論以斷,[],False
주역전의(하),814,2420,地中生木이 升이니 君子以하여 順德하여 積小以高大하나니라,f30e04902ccb446d,하나니라,하나니라,汎論以斷,[],False
주역전의(하),867,2549,澤无水困이니 君子以하여 致命遂志하나니라,bbfca66a6e7044b9,하나니라,하나니라,汎論以斷,[],False
주역전의(하),903,2691,井은 改邑하되 不改井이니 无喪无得하며 往來井井하나니,ed23dd46294eab39,하나니,하나니,汎論以斷,[],False
주역전의(하),917,2732,木上有水井이니 君子以하여 勞民勸相하나니라,c4c65b6f33cf5d8d,하나니라,하나니라,汎論以斷,[],False
주역전의(하),971,2890,澤中有火革이니 君子以하여 治歷明時하나니라,7553b8121c91d32e,하나니라,하나니라,汎論以斷,[],False
주역전의(하),1019,3073,木上有火鼎이니 君子以하여 正位하여 凝命하나니라,9169587f44a29868,하나니라,하나니라,汎論以斷,[],False
주역전의(하),1020,3075,故爲鼎하니 君子觀鼎之象하여 以正位凝命하나니라,0da13e80f5695210,하나니라,하나니라,汎論以斷,[],False
주역전의(하),1068,3238,震驚百里에 不喪匕鬯하나니라,89abc0def4cb3caf,하나니라,하나니라,汎論以斷,[],False
주역전의(하),1081,3274,洊雷震이니 君子以하여 恐懼修省하나니라,a6e55cbe71df146a,하나니라,하나니라,汎論以斷,[],False
주역전의(하),1131,3442,兼山이 艮이니 君子以하여 思不出其位하나니라,864544c8cd7f0efb,하나니라,하나니라,汎論以斷,[],False
주역전의(하),1184,3581,山上有木이 漸이니 君子以하여 居賢德하여 善俗하나니라,f1e46d0f0a72993c,하나니라,하나니라,汎論以斷,[],False
주역전의(하),1186,3584,君子觀漸之象하여 以居賢善之德하여 化美於風俗하나니라,d06cde2dc69a9434,하나니라,하나니라,汎論以斷,[],False
주역전의(하),1206,3649,當漸之時하여 四以陰柔로 進據剛陽之上하니 陽은 剛而上進하나니,d13543c153f513a4,하나니,하나니,汎論以斷,[],False
주역전의(하),1237,3758,澤上有雷歸妹니 君子以하여 永終하여 知敝하나니라,11ffcefe9c17b92a,하나니라,하나니라,汎論以斷,[],False
주역전의(하),1238,3761,君子觀男女配合하여 生息相續之象하여 而以永其終하여 知有敝也하나니라,0812275c848a54bc,하나니라,하나니라,汎論以斷,[],False
주역전의(하),1290,3911,雷電皆至 豊이니 君子以하여 折獄致刑하나니라,5ffd793729e5b5b8,하나니라,하나니라,汎論以斷,[],False
주역전의(하),1341,4083,山上有火旅니 君子以하여 明愼用刑하며 而不留獄하나니라,b036c9cb281d09be,하나니라,하나니라,汎論以斷,[],False
주역전의(하),1382,4196,重巽으로 以申命하나니,4b272b44b821a086,하나니,하나니,汎論以斷,[],False
주역전의(하),1390,4216,隨風이 巽이니 君子以하여 申命行事하나니라,5f7352ada6e8054a,하나니라,하나니라,汎論以斷,[],False
주역전의(하),1391,4218,君子觀重巽相繼以順之象하여 而以申命令하고 行政事하나니라,34ef1df66c2ee2a3,하나니라,하나니라,汎論以斷,[],False
주역전의(하),1409,4265,田獵之獲을 分三品하여 一爲乾豆하고 一供賓客與充庖하고 一頒徒御하나니,f101c5bac88c2850,하나니,하나니,汎論以斷,[],False
주역전의(하),1436,4349,麗澤이 兌니 君子以하여 朋友講習하나니라,d3401eeef066ee5e,하나니라,하나니라,汎論以斷,[],False
주역전의(하),1535,4614,天地節而四時成하나니 節以制度하여 不傷財하며 不害民하나니라,685a6a6b56b1f429,하나니라,하나니라,汎論以斷,[],False
주역전의(하),1538,4622,澤上有水節이니 君子以하여 制數度하며 議德行하나니라,4e436767702b147e,하나니라,하나니라,汎論以斷,[],False
주역전의(하),1592,4744,澤上有風이 中孚니 君子以하여 議獄하며 緩死하나니라,fa639336cf45f7b8,하나니라,하나니라,汎論以斷,[],False
주역전의(하),1647,4899,山上有雷小過니 君子以하여 行過乎恭하며 喪過乎哀하며 用過乎儉하나니라,a06bc70e261eb668,하나니라,하나니라,汎論以斷,[],False
주역전의(하),1700,5052,水在火上이 旣濟니 君子以하여 思患而豫防之하나니라,4b314f600b347ac2,하나니라,하나니라,汎論以斷,[],False
주역전의(하),1747,5192,火在水上이 未濟니 君子以하여 愼辨物하여 居方하나니라,c5bcdce1a0996f43,하나니라,하나니라,汎論以斷,[],False
주역전의(하),1749,5198,故君子觀象而審辨之하나니라,16a7b38a798a5786,하나니라,하나니라,汎論以斷,[],False
주역전의(하),1814,5347,是故로 君子居則觀其象而玩其辭하고 動則觀其變而玩其占하나니,6d6bf93f72657fa5,하나니,하나니,汎論以斷,[],False
주역전의(하),1830,5371,故로 能彌綸天地之道하나니,a9ddd0c828b28a8a,하나니,하나니,汎論以斷,[],False
주역전의(하),1832,5377,是故로 知鬼神之情狀하나니라,cd562cebf7f3185a,하나니라,하나니라,汎論以斷,[],False
주역전의(하),1834,5384,與天地相似라 故로 不違하나니 知周乎萬物而道濟天下라 故로 不過하며 旁行而不流하여 樂天知命이라 故로 不憂하며 安土하여 敦乎仁이라 故로 能愛하나니라,f91fbf1ed95c52bd,하나니라,하나니라,汎論以斷,[],False
주역전의(하),1862,5441,是以廣生焉하나니,52833bd49b0beaf3,하나니,하나니,汎論以斷,[],False
주역전의(하),1890,5499,亂之所生也 則言語以爲階니 君不密則失臣하며 臣不密則失身하며 幾事不密則害成하나니 是以君子愼密而不出也하나니라,1ddfb0c65803c09c,하나니라,하나니라,汎論以斷,[],False
주역전의(하),1900,5525,分而爲二하여 以象兩하고 掛一하여 以象三하고 揲之以四하여 以象四時하고 歸奇於扐하여 以象閏하나니 五歲再閏이라 故로 再扐而後掛하나니라,c8c2cb5e1c47f4fb,하나니라,하나니라,汎論以斷,[],False
주역전의(하),1918,5568,易有聖人之道四焉하니 以言者는 尙其辭하고 以動者는 尙其變하고 以制器者는 尙其象하고 以卜筮者는 尙其占하나니,3b57a370ab95c98e,하나니,하나니,汎論以斷,[],False
주역전의(하),1928,5591,唯深也故로 能通天下之志하며 唯幾也故로 能成天下之務하며 唯神也故로 不疾而速하며 不行而至하나니,381a68a9c961feef,하나니,하나니,汎論以斷,[],False
주역전의(하),1933,5600,是故로 聖人이 以通天下之志하며 以定天下之業하며 以斷天下之疑하나니라,fcb252bf9f508c48,하나니라,하나니라,汎論以斷,[],False
주역전의(하),1943,5625,八卦定吉凶하고 吉凶이 生大業하나니라,9c5f327aac158c60,하나니라,하나니라,汎論以斷,[],False
주역전의(하),2052,5802,德薄而位尊하며 知小而謀大하며 力小而任重하면 鮮不及矣나니,2807acbbd426680a,나니,나니,汎論以斷,[],False
주역전의(하),2056,5816,有不善이면 未嘗不知하며 知之면 未嘗復行也하나니,ff73e4438ecf04de,하나니,하나니,汎論以斷,[],False
주역전의(하),2058,5821,天地絪縕에 萬物化醇하고 男女構精에 萬物化生하나니,0e812d45fb5993ca,하나니,하나니,汎論以斷,[],False
주역전의(하),2060,5827,君子安其身而後動하며 易其心而後語하며 定其交而後求하나니 君子修此三者라 故로 全也하나니,2bc67cfe1a0a0990,하나니,하나니,汎論以斷,[],False
주역전의(하),2060,5828,危以動하면 則民不與也요 懼以語하면 則民不應也요 无交而求하면 則民不與也하나니 莫之與하면 則傷之者至矣나니,763a065013744e34,나니,나니,汎論以斷,[],False
주역전의(하),2079,5867,履以和行하고 謙以制禮하고 復以自知하고 恒以一德하고 損以遠害하고 益以興利하고 困以寡怨하고 井以辨義하고 巽以行權하나니라,6c66c307345f6cd1,하나니라,하나니라,汎論以斷,[],False
주역전의(하),2089,5881,初率其辭而揆其方컨댄 旣有典常이어니와 苟非其人이면 道不虛行하나니라,7c18e2c2b2b01697,하나니라,하나니라,汎論以斷,[],False
주역전의(하),2117,5930,象事하여 知器하며 占事하여 知來하나니,ca756e96f261348d,하나니,하나니,汎論以斷,[],False
주역전의(하),2119,5932,天地設位에 聖人이 成能하니 人謀鬼謀에 百姓이 與能하나니라,297297c3c66e8c6a,하나니라,하나니라,汎論以斷,[],False
주역전의(하),2144,5967,雷以動之하고 風以散之하고 雨以潤之하고 日以烜之하고 艮以止之하고 兌以說之하고 乾以君之하고 坤以藏之하나니라,692b518571b6db63,하나니라,하나니라,汎論以斷,[],False
중용장구,88,252,其則不遠이라하니 執柯以伐柯하되 睨而視之하고 猶以爲遠하나니,15db04c04db0e8e1,하나니,하나니,汎論以斷,[],False
중용장구,128,349,故로 天之生物이 必因其材而篤焉하나니,5dc51b503ed0e6ce,하나니,하나니,汎論以斷,[],False
중용장구,206,592,禍福將至에 善을 必先知之하며 不善을 必先知之하나니,c919a20e7c55b336,하나니,하나니,汎論以斷,[],False
중용장구,299,799,故로 君子之道는 闇然而日章하고 小人之道는 的然而日亡하나니,21331b02a2d2081b,하나니,하나니,汎論以斷,[],False
춘추좌씨전1,496,2419,政以治民하고 刑以正邪하나니,02a519ef155b22b5,하나니,하나니,汎論以斷,[],False
춘추좌씨전1,865,3105,一鼓作氣하고 再而衰하며 三而竭하나니,57b3ea5751888c77,하나니,하나니,汎論以斷,[],False
춘추좌씨전1,1001,3378,唯正月之朔에 慝未作하니 日有食之면 於是乎用幣于社하고 伐鼓于朝하나니라,7abd747d00db751a,하나니라,하나니라,汎論以斷,[],False
춘추좌씨전1,1045,3456,火見而致用하고 水昏正而栽하고 日至而畢하나니라,3567e5829049a0a2,하나니라,하나니라,汎論以斷,[],False
춘추좌씨전1,1137,3649,故敬其事면 則命以始하고 服其身이면 則衣之純하고 用其衷이면 則佩之度하나니,47a644f7016cdda0,하나니,하나니,汎論以斷,[],False
춘추좌씨전2,303,911,婦人送迎不出門하고 見兄弟不踰閾하며 戎事不邇女器하나니라,5e2a2bc1623d8df5,하나니라,하나니라,汎論以斷,[],False
춘추좌씨전2,676,2109,諸侯相弔賀也에 雖不當事나 苟有禮焉이면 書也하야 以無忘舊好하나니라,4f64a557fc74803d,하나니라,하나니라,汎論以斷,[],False
춘추좌씨전3,612,1766,德以施惠하고 刑以正邪하며 詳以事神하고 義以建利하며 禮以順時하고 信以守物하나니,89a3a3f2964ed4b6,하나니,하나니,汎論以斷,[],False
춘추좌씨전4,464,1433,禮에 爲鄰國闕하나니라,4d6a9141df93df32,하나니라,하나니라,汎論以斷,[],False
춘추좌씨전4,500,1606,是以遠至邇安하나니,0ff2bc2a65ca128b,하나니,하나니,汎論以斷,[],False
춘추좌씨전5,312,1616,善亦如之하야 德遠而後興하나니라,c9632d9ef766c1ba,하나니라,하나니라,汎論以斷,[],False
춘추좌씨전6,265,1191,寬以濟猛하고 猛以濟寬이면 政是以和하나니라,d2729d2c25e40f05,하나니라,하나니라,汎論以斷,[],False
춘추좌씨전6,273,1208,天子省風以作樂하야 器以鍾之하고 輿以行之하나니라,90ae856af9dfab60,하나니라,하나니라,汎論以斷,[],False
춘추좌씨전6,357,1537,國君是以鎭撫其民하나니라,0a6f122b9acf18b4,하나니라,하나니라,汎論以斷,[],False
춘추좌씨전6,359,1550,爲九歌八風七音六律하야 以奉五聲하나니라,0ca7b4e505eb0010,하나니라,하나니라,汎論以斷,[],False
춘추좌씨전6,359,1556,是故審行信令하고 禍福賞罰하야 以制死生하나니,9f16a5d57c3107e9,하나니,하나니,汎論以斷,[],False
춘추좌씨전7,45,204,實列受氏姓하야 封爲上公하고 祀爲貴神하야 社稷五祀에 是尊是奉하나니라,eb4ddba208e30f3e,하나니라,하나니라,汎論以斷,[],False
춘추좌씨전7,267,943,裔不謀夏오 夷不亂華며 俘不干盟이오 兵不偪好하나니,753551b85441dffd,하나니,하나니,汎論以斷,[],False
춘추좌씨전7,560,1825,仲尼不對하고 而私於冉有曰 君子之行也는 度於禮하야 施取其厚하며 事擧其中하며 斂從其薄하나니,92145e64aab52593,하나니,하나니,汎論以斷,[],False
춘추좌씨전7,569,1841,故心以制之하고 玉帛以奉之하고 言以結之하고 明神以要之하나니라,638737fef98f5f15,하나니라,하나니라,汎論以斷,[],False
