book,문단식별자,문장식별자,원문,번역문,marker_raw,marker_normalized,dansa_category,llm_judgment,marker_type,analysis_level
자치통감강목7,1621,2252,"九眞, 日南, 合浦蠻俚皆應之라",b575bc9cc7ad31a3,라,라,微絶之斷,True,라,L2
당송팔대가문초구양수2,168,641,噫라,24e5a6656c0e001e,라,라,微絶之斷,True,라,L2
당송팔대가문초구양수3,542,2439,王公桓桓이라,c070c911d4fe4596,이라,라,微絶之斷,False,라,L2
자치통감강목3,124,291,六年이라,b8f92b7fd0effb11,이라,라,微絶之斷,False,라,L2
당송팔대가문초소순1,156,1005,吁라,24e5a6656c0e001e,라,라,微絶之斷,False,라,L2
당송팔대가문초소순1,212,1302,甚矣라,e482746ceebb0b2d,라,라,微絶之斷,False,라,L2
시경집전(상),1931,4396,此亦男女期會而有負約不至者라,6d6f5962ae034a0b,라,라,微絶之斷,False,라,L2
당송팔대가문초구양수1,168,1081,此臣所謂利害甚多最難處置者也라,fe02a25d6f44b37e,라,라,微絶之斷,True,라,L2
시경집전(하),2007,4496,賦也라,8ee2540f4365747d,라,라,微絶之斷,True,라,L2
시경집전(상),834,1940,興也라,132140857a360a8c,라,라,微絶之斷,False,라,L2
주역전의(상),1536,4594,故无敢用文以折獄也라,87374b625f2cb8e8,라,라,微絶之斷,True,라,L2
당송팔대가문초구양수2,384,1503,此亦耗之一端也라,39a8c89e0026b9d6,라,라,微絶之斷,True,라,L2
논어집주,1317,4270,孔子歎當時莫能用己也라,7d871b77e3c09e5b,라,라,微絶之斷,False,라,L2
서경집전(하),678,2636,猷라,f324e3f00efda1d6,라,라,微絶之斷,False,라,L2
시경집전(상),2215,5104,賦也라,8ee2540f4365747d,라,라,微絶之斷,False,라,L2
당송팔대가문초유종원2,317,2002,公之諱曰常謙이라,bc372bd1429e34fe,이라,라,微絶之斷,False,라,L2
주역전의(하),391,1142,是以遇元夫也라,a06664837bae6b83,라,라,微絶之斷,False,라,L2
당송팔대가문초유종원2,251,1467,懷先生之可忘이라,0ce3dfbbd2784bf1,이라,라,微絶之斷,False,라,L2
당송팔대가문초구양수1,256,1453,是謂去四大害而有四大利라,886a82c42ce7b7f9,라,라,微絶之斷,True,라,L2
자치통감강목5,408,911,神爵元年이라,eef736f34ea40650,이라,라,微絶之斷,False,라,L2
당송팔대가문초구양수1,168,1070,此其不便二也라,a3d5bcc7a431ea12,라,라,微絶之斷,True,라,L2
당송팔대가문초구양수1,422,2165,所以雖知不便而罕肯言也라,effca51386b3299b,라,라,微絶之斷,True,라,L2
당송팔대가문초왕안석2,37,139,嗟乎라,69c0d46eb718e43e,라,라,微絶之斷,True,라,L2
논어집주,756,2694,蓋慕聖人而不知者也라,b66169f8f69f60f5,라,라,微絶之斷,True,라,L2
주역전의(상),678,2160,是爲訟而義不克也라,6ac23ed62393d4c3,라,라,微絶之斷,True,라,L2
논어집주,443,1597,夫子生知而未嘗不好學이라,4b1c5092802fd030,이라,라,微絶之斷,False,라,L2
당송팔대가문초왕안석2,145,625,又非極摯之論也라,b1558372ce6b8fe1,라,라,微絶之斷,True,라,L2
자치통감강목1,31,194,後之觀是書者 當自警省云이라,b76c34021a152914,이라,라,微絶之斷,True,라,L2
시경집전(상),1685,3817,比也라,920e5bbdbbf3601f,라,라,微絶之斷,False,라,L2
당송팔대가문초구양수4,490,2158,中外之情乃安이라,3fb0f47e2ff71fdf,이라,라,微絶之斷,False,라,L2
당송팔대가문초유종원2,325,2069,凌與子厚同以附和王伾叔文輩坐貶이라,1c9989f5d3611c50,이라,라,微絶之斷,False,라,L2
당송팔대가문초한유3,90,534,其餘幼也라,70a3160d0618cb06,라,라,微絶之斷,False,라,L2
당송팔대가문초유종원1,64,486,是與向之兩事者無毫末差矣라,0c80ceb75735932f,라,라,微絶之斷,True,라,L2
당송팔대가문초한유1,132,636,其詞旨 與司馬相如諫獵書相參이라,4a0a93a41694e12a,이라,라,微絶之斷,False,라,L2
당송팔대가문초구양수1,130,869,臣伏思陛下必不爲左右之人而用之也라,e8a91118eaf8de84,라,라,微絶之斷,True,라,L2
자치통감강목3,1253,2895,十四年이라,db3b2453d1ed7270,이라,라,微絶之斷,False,라,L2
시경집전(상),777,1811,興也라,132140857a360a8c,라,라,微絶之斷,False,라,L2
당송팔대가문초구양수2,365,1405,甚矣라,4d86c40091d651d5,라,라,微絶之斷,True,라,L2
시경집전(상),378,907,下三篇同이라,93b09d362ece9d00,이라,라,微絶之斷,False,라,L2
당송팔대가문초소순1,397,2515,聰又合其隣之僧屋若干於其院以成이라,02802f61edbd46c7,이라,라,微絶之斷,False,라,L2
당송팔대가문초소식5,75,229,嗟夫라,24e5a6656c0e001e,라,라,微絶之斷,False,라,L2
시경집전(상),791,1840,賦也라,8ee2540f4365747d,라,라,微絶之斷,True,라,L2
맹자집주,1185,4006,曰 否라,0d0932db2a1aa324,라,라,微絶之斷,False,라,L2
당송팔대가문초구양수4,63,308,囹圄爲之數空이라,3c0d3acf2e3ab147,이라,라,微絶之斷,True,라,L2
당송팔대가문초구양수4,72,350,直敘逼太史公이라,0dc657f8eef6cf1d,이라,라,微絶之斷,False,라,L2
당송팔대가문초구양수1,52,398,其四曰禦戎之策이라,4154db674397b235,이라,라,微絶之斷,True,라,L2
당송팔대가문초구양수4,562,2498,余亦將以心得意會而未能至之者也라,6d3805966c50fa29,라,라,微絶之斷,True,라,L2
당송팔대가문초구양수3,51,182,絶佳라,a41ea058f26fdcc8,라,라,微絶之斷,True,라,L2
당송팔대가문초증공1,121,744,不宣이라,fc6a5c0d1922ca05,이라,라,微絶之斷,True,라,L2
당송팔대가문초왕안석1,441,1939,亦婉이라,677298dcb5840a49,이라,라,微絶之斷,True,라,L2
당송팔대가문초구양수1,57,465,患於好疑而自用也라,812f91ae98ae4eb2,라,라,微絶之斷,False,라,L2
자치통감강목1,682,2006,燕惠王元年이라,8f9ee9024e5bdcd4,이라,라,微絶之斷,True,라,L2
논어집주,364,1283,漆雕開已見大意라,f391ad4a4244b961,라,라,微絶之斷,False,라,L2
시경집전(상),2041,4633,比也라,920e5bbdbbf3601f,라,라,微絶之斷,True,라,L2
당송팔대가문초구양수1,354,1909,然未盡公私之利害也라,d9c08d3ed11eecc0,라,라,微絶之斷,False,라,L2
시경집전(하),1799,4042,賦也라,8ee2540f4365747d,라,라,微絶之斷,True,라,L2
논어집주,259,957,天下之無道也久矣라,cf6cc28356201e6a,라,라,微絶之斷,True,라,L2
자치통감강목1,345,882,燕桓公元年이라,db449f08a6bb4c49,이라,라,微絶之斷,True,라,L2
당송팔대가문초유종원2,244,1380,否泰旣兆其盈虛라,a8a89c77e2d086db,라,라,微絶之斷,False,라,L2
춘추좌씨전7,53,256,將以害吳也라,3688802ca0211d22,라,라,微絶之斷,True,라,L2
당송팔대가문초증공1,26,209,名言이라,c45cc79aad693284,이라,라,微絶之斷,True,라,L2
예기집설대전1,304,961,卜其吉凶이라.,ea98b72f879b86c2,이라,라,微絶之斷,True,라,L2
당송팔대가문초구양수3,507,2253,韶人負土라,3a72aad7df061486,라,라,微絶之斷,False,라,L2
당송팔대가문초구양수6,72,542,嗚呼라,69c0d46eb718e43e,라,라,微絶之斷,False,라,L2
당송팔대가문초구양수6,256,1808,珽曰 河南有外黃下黃이라,8ad221e693bfcdb8,이라,라,微絶之斷,True,라,L2
자치통감강목7,1394,1937,十一年이라,612ab72286a041f5,이라,라,微絶之斷,False,라,L2
당송팔대가문초소순1,93,571,嗟夫라,69c0d46eb718e43e,라,라,微絶之斷,True,라,L2
논어집주,1920,5953,夫子時將適楚라,de4fa2b184deda6e,라,라,微絶之斷,False,라,L2
시경집전(상),2313,5364,陰白雜毛曰駰이라,68b1fd3a88cb03e6,이라,라,微絶之斷,True,라,L2
당송팔대가문초구양수3,490,2122,玆惟艱哉라,7452519d146cc8b3,라,라,微絶之斷,True,라,L2
시경집전(상),1060,2476,雉性耿介라,8a5f6015c9e28eb7,라,라,微絶之斷,True,라,L2
논어집주,1441,4684,古字通用이라,6113d825a0acf8fe,이라,라,微絶之斷,True,라,L2
예기집설대전2,818,1174,三代送葬之具質文相異라,6c9c4c8d8a3e18ea,라,라,微絶之斷,False,라,L2
당송팔대가문초왕안석2,121,560,文嚴而格古라,eb994901e0d10936,라,라,微絶之斷,False,라,L2
당송팔대가문초소식5,467,1703,曠達之旨라,d405abf94961b307,라,라,微絶之斷,True,라,L2
당송팔대가문초구양수3,490,2102,言有違從이라,de2a6222adf6d7e3,이라,라,微絶之斷,False,라,L2
맹자집주,2064,6390,手執曰搏이라,8f87cf40171f18f9,이라,라,微絶之斷,True,라,L2
당송팔대가문초구양수4,471,2077,悲痛慷慨라,1ac04a3c297dedbb,라,라,微絶之斷,False,라,L2
논어집주,1790,5617,仲尼之所謂下愚也라,a6f1f1937454d80c,라,라,微絶之斷,True,라,L2
당송팔대가문초구양수3,392,1482,千萬一人이라,980fb8a4fe00b1e9,이라,라,微絶之斷,False,라,L2
당송팔대가문초구양수4,10,51,故陰乘而動이라,884b98640884a08d,이라,라,微絶之斷,True,라,L2
자치통감강목7,1667,2308,十八年이라,b055a28eaec17bb6,이라,라,微絶之斷,False,라,L2
자치통감강목1,22,114,宜後學之所大恨也라,126cb144a1636ecd,라,라,微絶之斷,True,라,L2
당송팔대가문초구양수1,25,176,則自古用兵往來之徑也라,20e631ded2fe4706,라,라,微絶之斷,True,라,L2
춘추좌씨전2,495,1660,不如紓之라,39793fbd64481662,라,라,微絶之斷,False,라,L2
당송팔대가문초구양수3,312,1161,故曰祭之略者라,d39c7abcc24e706f,라,라,微絶之斷,True,라,L2
당송팔대가문초구양수1,386,2017,故其論捄如此라,8ed915b698aa5b2a,라,라,微絶之斷,True,라,L2
시경집전(상),762,1777,比也라,920e5bbdbbf3601f,라,라,微絶之斷,False,라,L2
당송팔대가문초구양수2,304,1121,此其所以見黜也라,921a7c057de6e0de,라,라,微絶之斷,True,라,L2
논어집주,1939,6014,子路述夫子之意如此라,6b2d871dc7d225c8,라,라,微絶之斷,True,라,L2
당송팔대가문초구양수2,520,2049,嗚呼라,69c0d46eb718e43e,라,라,微絶之斷,False,라,L2
시경집전(하),2131,4749,賦也라,8ee2540f4365747d,라,라,微絶之斷,False,라,L2
당송팔대가문초유종원2,305,1903,有來胥悅이라,7fa9d4f0e9052f49,이라,라,微絶之斷,False,라,L2
당송팔대가문초한유2,321,1572,謂其文章之盛也라,e687639c922715ae,라,라,微絶之斷,True,라,L2
당송팔대가문초유종원2,338,2196,病骨髓라,aabfd7400f568052,라,라,微絶之斷,False,라,L2
당송팔대가문초구양수3,474,2006,明法이라,dc14b0868249109f,이라,라,微絶之斷,True,라,L2
주역전의(상),1197,3620,征其文德謙巽所不能服者也라,26bc92c83b32c1bc,라,라,微絶之斷,True,라,L2
당송팔대가문초소식4,292,1144,天下一家 且數十百年矣라,25504eae8aad2751,라,라,微絶之斷,False,라,L2
서경집전(상),181,1329,冀州라,848a98950c229c5d,라,라,微絶之斷,False,라,L2
당송팔대가문초왕안석2,617,3161,嗚呼라,69c0d46eb718e43e,라,라,微絶之斷,False,라,L2
시경집전(하),420,920,不脫衣冠而寐曰假寐라,5dc8661ef66745d8,라,라,微絶之斷,False,라,L2
당송팔대가문초왕안석2,15,52,嗚呼라,69c0d46eb718e43e,라,라,微絶之斷,True,라,L2
당송팔대가문초구양수3,472,1978,以臻盛隆이라,e4ef5f83bee79a95,이라,라,微絶之斷,False,라,L2
당송팔대가문초소식2,436,1855,子房亦與焉이라,4f4ce0e6a4679ac2,이라,라,微絶之斷,True,라,L2
당송팔대가문초구양수2,477,1884,嗚呼라,24e5a6656c0e001e,라,라,微絶之斷,True,라,L2
자치통감강목4,1283,2922,太始元年이라,b480f21ac33edfff,이라,라,微絶之斷,False,라,L2
논어집주,1601,5117,夫子嘗謂子貢悅不若己者라,034aee1136011498,라,라,微絶之斷,False,라,L2
당송팔대가문초소순1,390,2472,吁라,24e5a6656c0e001e,라,라,微絶之斷,False,라,L2
자치통감강목1,662,1881,三十五年이라,c95370d54eba71ef,이라,라,微絶之斷,True,라,L2
당송팔대가문초구양수3,411,1642,太尉之崇이라,39fbdb382dd4f5f6,이라,라,微絶之斷,False,라,L2
시경집전(상),2703,6267,賦也라,8ee2540f4365747d,라,라,微絶之斷,False,라,L2
당송팔대가문초구양수1,491,2438,故能動而有成功也라,49f0de3aedc226fb,라,라,微絶之斷,True,라,L2
시경집전(상),568,1300,賦也라,8ee2540f4365747d,라,라,微絶之斷,False,라,L2
논어집주,1771,5560,品節詳明而德性堅定이라,fc1738f432d98c88,이라,라,微絶之斷,True,라,L2
논어집주,338,1191,不侈然以自放之謂約이라,078addbbe0b5a485,이라,라,微絶之斷,True,라,L2
당송팔대가문초소순1,61,409,嗚呼라,69c0d46eb718e43e,라,라,微絶之斷,False,라,L2
논어집주,1330,4316,當時有此言也라,8d58fe0ada0e36f0,라,라,微絶之斷,False,라,L2
서경집전(상),140,968,皐陶曰 都라,3391e6af2236cd06,라,라,微絶之斷,False,라,L2
당송팔대가문초왕안석1,373,1702,中多名言이라,916baeb0ff608ac7,이라,라,微絶之斷,True,라,L2
당송팔대가문초구양수1,2,4,又三百年而得歐陽子라,6a4e995bee9e5542,라,라,微絶之斷,False,라,L2
당송팔대가문초왕안석1,450,1970,情婉而正이라,f4aff82bc2dc47f3,이라,라,微絶之斷,True,라,L2
당송팔대가문초소순1,152,990,嗚呼라,69c0d46eb718e43e,라,라,微絶之斷,True,라,L2
당송팔대가문초한유1,103,473,處分亦確이라,485b3dd5e03f4cfc,이라,라,微絶之斷,True,라,L2
당송팔대가문초왕안석2,420,2284,嗟乎라,80b120ba732e06f1,라,라,微絶之斷,True,라,L2
논어집주,350,1234,事又見第十一篇이라,d8d0d3a53d6e9b52,이라,라,微絶之斷,True,라,L2
당송팔대가문초소순1,212,1295,吁라,24e5a6656c0e001e,라,라,微絶之斷,True,라,L2
주역전의(하),1451,4385,之內爲來라,599264ccf60b38a6,라,라,微絶之斷,True,라,L2
당송팔대가문초구양수2,539,2119,嗚呼라,69c0d46eb718e43e,라,라,微絶之斷,False,라,L2
서경집전(상),23,158,帝曰 吁라,704ff96651f05a9a,라,라,微絶之斷,True,라,L2
주역전의(하),684,2054,是以不可取也라,c29250cad47a668b,라,라,微絶之斷,True,라,L2
시경집전(하),639,1408,賦也라,8ee2540f4365747d,라,라,微絶之斷,True,라,L2
당송팔대가문초한유3,334,1890,故君子以公爲知人이라,7f04045cceae2128,이라,라,微絶之斷,True,라,L2
시경집전(하),2266,5046,賦也라,8ee2540f4365747d,라,라,微絶之斷,True,라,L2
당송팔대가문초소순1,338,2128,無矣라,cc3a99575d408b03,라,라,微絶之斷,True,라,L2
시경집전(하),1811,4078,賦也라,8ee2540f4365747d,라,라,微絶之斷,True,라,L2
시경집전(하),74,160,除亦去也라,75e418d8dc4e4314,라,라,微絶之斷,True,라,L2
당송팔대가문초유종원1,203,1353,不宣이라,fc6a5c0d1922ca05,이라,라,微絶之斷,True,라,L2
당송팔대가문초유종원2,198,940,惟聖之首라,df69924b28868137,라,라,微絶之斷,False,라,L2
당송팔대가문초소식5,282,1110,雖(獨)［觸］不傷이라,a657dcba83d50f18,이라,라,微絶之斷,False,라,L2
주역전의(하),2202,6058,或曰 二卦互有與求之義라,53ae2854618d4a76,라,라,微絶之斷,False,라,L2
당송팔대가문초유종원1,150,1030,敬叔吾所信愛라,45bbc30e2feeb357,라,라,微絶之斷,True,라,L2
맹자집주,701,2505,八尺曰尋이라,2dbbb75cbc5ee3c9,이라,라,微絶之斷,True,라,L2
주역전의(상),1043,3189,故利涉大川이라,ccd50c655990367e,이라,라,微絶之斷,True,라,L2
맹자집주,668,2364,蓋命契之辭也라,08fbaf3518f7f103,라,라,微絶之斷,True,라,L2
시경집전(상),1010,2361,鑿墻而棲曰塒라,77370049d459250a,라,라,微絶之斷,True,라,L2
당송팔대가문초구양수3,303,1126,李侯治吉敏而有方이라,4099fbd27132c08b,이라,라,微絶之斷,True,라,L2
시경집전(상),1983,4506,興也라,132140857a360a8c,라,라,微絶之斷,True,라,L2
당송팔대가문초유종원2,367,2466,人服其智라,4f4bedc4220c3c85,라,라,微絶之斷,True,라,L2
당송팔대가문초소식4,41,159,嗚呼라,24e5a6656c0e001e,라,라,微絶之斷,True,라,L2
당송팔대가문초구양수4,524,2310,噫嘻悲夫라,eba8e7e4cf08d4ed,라,라,微絶之斷,False,라,L2
시경집전(상),926,2168,與泉水之卒章同意라,a1ba22e57883115e,라,라,微絶之斷,True,라,L2
당송팔대가문초유종원1,49,370,不宣이라,fc6a5c0d1922ca05,이라,라,微絶之斷,True,라,L2
당송팔대가문초유종원1,43,318,然而辨之亦非難也라,e5a6f60919b73579,라,라,微絶之斷,True,라,L2
맹자집주,526,1834,燕固可伐矣라,b80f3a5236c22398,라,라,微絶之斷,True,라,L2
춘추좌씨전1,433,2286,故薨則赴以名이라,3af1828826ff3fac,이라,라,微絶之斷,True,라,L2
당송팔대가문초증공1,335,1787,而此非有司之法也라,9d647f9fc709e450,라,라,微絶之斷,True,라,L2
당송팔대가문초구양수5,98,730,三年徙鎭河東이라,074102d04cc2ea8b,이라,라,微絶之斷,True,라,L2
논어집주,731,2601,巍巍乎라,140616d67c252ac6,라,라,微絶之斷,False,라,L2
당송팔대가문초유종원1,263,1619,余墨者徒也라,5b17161fc74abab6,라,라,微絶之斷,True,라,L2
당송팔대가문초유종원1,198,1303,愚不敏以爲信然이라,59dd3f81fdcf4dc7,이라,라,微絶之斷,True,라,L2
자치통감강목1,236,569,秦簡公十二年이라,f1799f0d3f49a9e7,이라,라,微絶之斷,False,라,L2
서경집전(하),147,607,甚言人臣僭上之患如此라,39fad108de3e5378,라,라,微絶之斷,True,라,L2
당송팔대가문초구양수5,72,551,然卒不能［少］挫其鋒以得志라,6fc0a1a2ab26f870,라,라,微絶之斷,True,라,L2
당송팔대가문초소순1,160,1032,吾故曰 經以道法勝이라,292a5c400746b8cb,이라,라,微絶之斷,True,라,L2
서경집전(하),367,1464,予不惟若玆多誥라,826e17cfaa97749c,라,라,微絶之斷,True,라,L2
자치통감강목1,313,840,十九年이라,d0d2e74efef10fe2,이라,라,微絶之斷,False,라,L2
당송팔대가문초왕안석2,441,2385,嗚呼라,69c0d46eb718e43e,라,라,微絶之斷,True,라,L2
주역전의(하),1893,5507,釋解六三爻義라,9b18d8e9a8c72c5e,라,라,微絶之斷,True,라,L2
자치통감강목4,1310,2982,四年이라,6f76b157041a295b,이라,라,微絶之斷,True,라,L2
시경집전(상),2506,5817,興也라,132140857a360a8c,라,라,微絶之斷,False,라,L2
당송팔대가문초소순1,151,983,嗚呼라,69c0d46eb718e43e,라,라,微絶之斷,False,라,L2
맹자집주,1613,5332,曰仁也라,77d4fc6cccbb29b9,라,라,微絶之斷,False,라,L2
논어집주,1476,4778,日究乎汚下라,aa660615e162d91c,라,라,微絶之斷,True,라,L2
당송팔대가문초구양수2,555,2177,嗚呼라,69c0d46eb718e43e,라,라,微絶之斷,False,라,L2
자치통감강목3,1126,2589,九年이라,7268565d26782dfb,이라,라,微絶之斷,False,라,L2
시경집전(상),747,1733,賦也라,8ee2540f4365747d,라,라,微絶之斷,False,라,L2
당송팔대가문초한유2,230,1067,是故知鬼神之情狀이라,b296d08484799f85,이라,라,微絶之斷,True,라,L2
당송팔대가문초왕안석2,125,573,噫라,69c0d46eb718e43e,라,라,微絶之斷,False,라,L2
당송팔대가문초구양수1,133,887,歐公至言이라,870bc4be9b5f2a0c,이라,라,微絶之斷,True,라,L2
시경집전(상),1189,2773,賦也라,8ee2540f4365747d,라,라,微絶之斷,False,라,L2
당송팔대가문초구양수5,353,2372,故取捨異라,b7c97fc521f5138a,라,라,微絶之斷,True,라,L2
예기집설대전2,1057,1519,非也라,3d3f3da3f0be8ef4,라,라,微絶之斷,True,라,L2
서경집전(상),159,1110,帝深感上文弼直之語라,11be7559b53e8a5f,라,라,微絶之斷,False,라,L2
시경집전(하),2584,5738,言今作樂以祭而受福也라,6cd697b876b64986,라,라,微絶之斷,True,라,L2
당송팔대가문초소순1,86,540,唐荊川曰 一事反覆議論이라,16169de15de366be,이라,라,微絶之斷,False,라,L2
당송팔대가문초소식3,313,1224,時論之冠이라,88c0fbe2ab505fdd,이라,라,微絶之斷,True,라,L2
당송팔대가문초소순1,230,1456,曰未也라,38998043ac028579,라,라,微絶之斷,True,라,L2
시경집전(하),1318,2822,興也라,132140857a360a8c,라,라,微絶之斷,True,라,L2
당송팔대가문초유종원2,86,359,吾不得而知之也라,17e7244b304aab5f,라,라,微絶之斷,True,라,L2
당송팔대가문초구양수3,507,2239,名在夷狄이라,f09c61e2eed63c68,이라,라,微絶之斷,False,라,L2
당송팔대가문초유종원2,277,1653,猶以爲小라,6b2de35d5d5c6314,라,라,微絶之斷,True,라,L2
당송팔대가문초한유2,325,1581,儒譏墨以上同兼愛上賢明鬼라,b1c1ac73bf7878a5,라,라,微絶之斷,True,라,L2
당송팔대가문초구양수3,600,2770,初留碭山이라,bdf4bb8480a27c0c,이라,라,微絶之斷,False,라,L2
당송팔대가문초소식3,251,978,曰 未也라,9e97b12e266448d8,라,라,微絶之斷,True,라,L2
예기집설대전1,882,2736,羊肥則毛細而柔弱이라.,c58f5e6a3d43620c,이라,라,微絶之斷,False,라,L2
당송팔대가문초구양수2,43,150,寫情輸悃之言이라,05b8e8a5781ac773,이라,라,微絶之斷,True,라,L2
서경집전(하),98,383,敬奉天之定命이라,2ebb80ae1acdf5dd,이라,라,微絶之斷,False,라,L2
당송팔대가문초구양수3,431,1764,奄云其終이라,5fe86f12a57f5d27,이라,라,微絶之斷,False,라,L2
시경집전(하),397,866,興也라,132140857a360a8c,라,라,微絶之斷,True,라,L2
당송팔대가문초왕안석1,456,1999,嗚呼라,69c0d46eb718e43e,라,라,微絶之斷,False,라,L2
당송팔대가문초소식2,537,2288,非也라,3ce3787979c60573,라,라,微絶之斷,True,라,L2
주역전의(상),1001,3078,故宜晦處窮約也라,f638bd25baa7f8b9,라,라,微絶之斷,True,라,L2
당송팔대가문초구양수5,119,886,此爲世立言之說也라,306b71ce08bda496,라,라,微絶之斷,True,라,L2
당송팔대가문초구양수1,398,2049,見令京東計度物料次라,b892154d7d72672f,라,라,微絶之斷,False,라,L2
당송팔대가문초구양수1,440,2255,故臣以爲虛作行遣爾라,b05b9fccdb946c03,라,라,微絶之斷,True,라,L2
당송팔대가문초구양수1,175,1113,其失三也라,d49b0db26a91e531,라,라,微絶之斷,True,라,L2
당송팔대가문초구양수1,299,1683,雖悔無及이라,6ee6751f841f3931,이라,라,微絶之斷,True,라,L2
당송팔대가문초한유2,115,458,中州淸淑之氣於是焉窮이라,174b285d72659380,이라,라,微絶之斷,True,라,L2
시경집전(하),2808,6204,賦也라,8ee2540f4365747d,라,라,微絶之斷,True,라,L2
시경집전(하),2181,4850,賦也라,8ee2540f4365747d,라,라,微絶之斷,False,라,L2
당송팔대가문초구양수6,253,1781,道有子吉이라,a53d78f058c84d08,이라,라,微絶之斷,False,라,L2
맹자집주,856,3044,言必死亡이라,48f0c02c386c56e2,이라,라,微絶之斷,True,라,L2
당송팔대가문초구양수6,275,2035,故謂之通法이라,c760455dca29a34b,이라,라,微絶之斷,True,라,L2
서경집전(상),155,1086,米食曰粒이라,ca59f90c0c7e82a1,이라,라,微絶之斷,False,라,L2
춘추좌씨전6,41,133,天以七紀라,ad212f68391d49c8,라,라,微絶之斷,False,라,L2
당송팔대가문초구양수3,490,2120,以就予治라,925c2ddb790cae83,라,라,微絶之斷,False,라,L2
시경집전(하),1444,3150,賦也라,8ee2540f4365747d,라,라,微絶之斷,False,라,L2
논어집주,1200,3965,善哉라,6156348ade746190,라,라,微絶之斷,False,라,L2
당송팔대가문초왕안석2,71,304,所以明禮樂之本也라,bcf77f3033027c0f,라,라,微絶之斷,True,라,L2
당송팔대가문초구양수1,247,1418,臣竊 聞議者 多以抑配人戶爲患이라,af9abaa42a75609b,이라,라,微絶之斷,False,라,L2
논어집주,1728,5455,言不得專政이라,d94e1986f6331ef1,이라,라,微絶之斷,True,라,L2
주역전의(하),72,234,極言恒久之道라,7250775ead15ea88,라,라,微絶之斷,True,라,L2
당송팔대가문초유종원1,30,201,玆咈吾事 三間也라,80f11fbc71432510,라,라,微絶之斷,True,라,L2
시경집전(하),2793,6169,賦也라,8ee2540f4365747d,라,라,微絶之斷,True,라,L2
당송팔대가문초소식4,138,527,嗟夫라,24e5a6656c0e001e,라,라,微絶之斷,True,라,L2
당송팔대가문초소순1,156,1006,其難而然哉라,60265551917028a6,라,라,微絶之斷,True,라,L2
자치통감강목1,283,786,八年이라,68585d9af4748367,이라,라,微絶之斷,True,라,L2
당송팔대가문초구양수3,85,297,亦自中法度라,b39a96d88a52741c,라,라,微絶之斷,True,라,L2
시경집전(상),282,690,猶亦同也라,1051ad0619e9e1ee,라,라,微絶之斷,True,라,L2
당송팔대가문초구양수2,409,1623,此可知其繆傳也라,085a23a12288a169,라,라,微絶之斷,True,라,L2
맹자집주,13,55,凡七章이라,c02e9135c45732f1,이라,라,微絶之斷,True,라,L2
자치통감강목1,406,1030,十八年이라,6af77379f39a1550,이라,라,微絶之斷,True,라,L2
논어집주,1158,3850,蓋聞之夫子라,67edc32b92fef9b3,라,라,微絶之斷,True,라,L2
당송팔대가문초증공1,489,2727,其中亦有智然也라,9b10f10541625cd8,라,라,微絶之斷,True,라,L2
논어집주,1204,3976,子路忠信明決이라,9bd3f16d7f82e309,이라,라,微絶之斷,True,라,L2
시경집전(하),3,3,賦也라,8ee2540f4365747d,라,라,微絶之斷,True,라,L2
시경집전(상),2006,4559,賦也라,8ee2540f4365747d,라,라,微絶之斷,True,라,L2
당송팔대가문초왕안석2,383,2045,雋이라,69e4e852b7f2eeb3,이라,라,微絶之斷,True,라,L2
당송팔대가문초소순1,95,589,彼不知貧賤富貴之正味也라,390e758a248cc21d,라,라,微絶之斷,False,라,L2
서경집전(하),947,3550,嗚呼라,4f67f843f796c704,라,라,微絶之斷,False,라,L2
자치통감강목3,1676,3742,二年이라,16c9e2b7783e972e,이라,라,微絶之斷,False,라,L2
춘추좌씨전1,824,3020,君子以二公子之立黔牟爲不度矣라,5e33e000d92b4222,라,라,微絶之斷,True,라,L2
논어집주,996,3334,見爾雅라,5e1cf088f715d28a,라,라,微絶之斷,False,라,L2
당송팔대가문초구양수2,313,1157,曰 是不然也라,1b76269154234563,라,라,微絶之斷,True,라,L2
시경집전(하),1203,2609,賦也라,8ee2540f4365747d,라,라,微絶之斷,False,라,L2
주역전의(상),1486,4440,故云不行也라,2882ec1f137af14b,라,라,微絶之斷,False,라,L2
예기집설대전2,215,306,故曰 士之有誄自此始也라,6d92dcc9a78f2c79,라,라,微絶之斷,True,라,L2
주역전의(상),1844,5480,是以无咎라,18b994685079097b,라,라,微絶之斷,True,라,L2
당송팔대가문초유종원1,338,2026,子厚本色이라,b90fbb9f6d26474f,이라,라,微絶之斷,False,라,L2
당송팔대가문초증공1,207,1226,向之所述勸戒之意 可謂篤矣라,348c2d99ae2088f5,라,라,微絶之斷,True,라,L2
당송팔대가문초유종원2,318,2033,俄仆於京이라,d60c08da599f8f9c,이라,라,微絶之斷,False,라,L2
당송팔대가문초왕안석2,93,450,善復常也라,a7cfedaef6946c2e,라,라,微絶之斷,False,라,L2
당송팔대가문초소식5,55,166,恐其不幸而類吾少時之所好라,548610da825c8e2a,라,라,微絶之斷,False,라,L2
당송팔대가문초소순1,234,1557,此晁錯所以爲愚也라,30bdb34c7cbca449,라,라,微絶之斷,True,라,L2
당송팔대가문초구양수6,5,56,後不知其所終이라,c8ed244dabd428d2,이라,라,微絶之斷,False,라,L2
주역전의(상),1520,4534,物有飾而後能亨이라,b73479f9c6de0b6e,이라,라,微絶之斷,False,라,L2
당송팔대가문초구양수3,74,255,典實이라,51c8d021b8812705,이라,라,微絶之斷,False,라,L2
당송팔대가문초소식5,158,539,狂惑失所措라,c36a64e1c0d9f400,라,라,微絶之斷,False,라,L2
논어집주,1968,6108,斯所感者深矣라,e900004c3d42098b,라,라,微絶之斷,False,라,L2
당송팔대가문초유종원2,207,1012,是又不可爲美觀也라,226fe288d10b977f,라,라,微絶之斷,True,라,L2
당송팔대가문초구양수1,516,2528,其可納四也라,fc4fe2a533f4ed86,라,라,微絶之斷,True,라,L2
당송팔대가문초유종원2,342,2235,嗚呼哀哉라,55dfbda976f6778d,라,라,微絶之斷,True,라,L2
자치통감강목4,796,1862,三年이라,f8064137e3f270b5,이라,라,微絶之斷,True,라,L2
시경집전(상),293,711,興也라,132140857a360a8c,라,라,微絶之斷,True,라,L2
당송팔대가문초왕안석1,281,1375,否也라,69a391caf76443ab,라,라,微絶之斷,True,라,L2
당송팔대가문초소순1,232,1509,吁라,24e5a6656c0e001e,라,라,微絶之斷,True,라,L2
춘추좌씨전1,462,2338,秋 七月이라,adf1b85f64a7ea08,이라,라,微絶之斷,False,라,L2
당송팔대가문초구양수1,470,2352,然於後患不免也라,64759716475a9dfd,라,라,微絶之斷,True,라,L2
시경집전(하),2646,5882,或曰 藏之深也라,f9d2342fe74fe556,라,라,微絶之斷,True,라,L2
당송팔대가문초소식3,283,1112,聖人以爲不重則不可以變이라,016717063de4c44e,이라,라,微絶之斷,True,라,L2
주역전의(상),1939,5772,故曰畜牝牛吉也라,4db74ade70b71f05,라,라,微絶之斷,True,라,L2
당송팔대가문초구양수6,59,477,質因此獲免이라,9fd869ae4d75255b,이라,라,微絶之斷,True,라,L2
시경집전(상),1110,2584,賦也라,8ee2540f4365747d,라,라,微絶之斷,True,라,L2
당송팔대가문초유종원1,299,1818,故賓軍之事 宜無與校大라,8261685e041ea7a6,라,라,微絶之斷,True,라,L2
주역전의(상),1137,3456,足以發上下之志也라,b67cea8dd6372e5b,라,라,微絶之斷,True,라,L2
시경집전(하),2669,5928,交龍曰旂라,89a70d9df847d9d8,라,라,微絶之斷,True,라,L2
당송팔대가문초구양수2,494,1966,嗚呼라,24e5a6656c0e001e,라,라,微絶之斷,False,라,L2
논어집주,1571,5027,夫子欲其知所本也라,afdb235adff76dea,라,라,微絶之斷,True,라,L2
시경집전(하),2482,5503,賦也라,8ee2540f4365747d,라,라,微絶之斷,True,라,L2
시경집전(하),481,1064,興而比也라,8bddbc833a8e8a91,라,라,微絶之斷,True,라,L2
당송팔대가문초구양수6,95,707,故曰齒脫而兒不知라,e7855b33c693c625,라,라,微絶之斷,False,라,L2
당송팔대가문초유종원1,66,511,無任疑懼之甚이라,ea1a7504c419f401,이라,라,微絶之斷,True,라,L2
당송팔대가문초소철3,197,1077,嗟夫라,24e5a6656c0e001e,라,라,微絶之斷,False,라,L2
시경집전(하),2165,4817,賦也라,8ee2540f4365747d,라,라,微絶之斷,True,라,L2
시경집전(상),2754,6390,比也라,920e5bbdbbf3601f,라,라,微絶之斷,True,라,L2
당송팔대가문초구양수3,559,2536,天子曰咨라,1c9cff2a22258913,라,라,微絶之斷,False,라,L2
당송팔대가문초구양수3,262,968,故爲江淮兩浙荊湖發運使之治所라,4ad135358475f370,라,라,微絶之斷,True,라,L2
당송팔대가문초소철3,278,1508,嗟夫라,24e5a6656c0e001e,라,라,微絶之斷,True,라,L2
시경집전(상),2398,5564,賦也라,8ee2540f4365747d,라,라,微絶之斷,True,라,L2
자치통감강목3,577,1387,六年이라,9beedda5274082e1,이라,라,微絶之斷,True,라,L2
자치통감강목2,582,1538,不戰而下者三十餘城이라,e6eeb914e0460d90,이라,라,微絶之斷,False,라,L2
주역전의(하),699,2083,贊姤之時與姤之義至大也라,53b220b8decf81af,라,라,微絶之斷,True,라,L2
당송팔대가문초구양수5,84,636,嗟乎라,df2132c55e071020,라,라,微絶之斷,False,라,L2
시경집전(상),1869,4250,賦也라,8ee2540f4365747d,라,라,微絶之斷,True,라,L2
주역전의(상),841,2610,故爲小畜이라,a16fcf3cbf347931,이라,라,微絶之斷,True,라,L2
당송팔대가문초유종원2,349,2291,直道是陳이라,6c2afdb34bf27711,이라,라,微絶之斷,False,라,L2
자치통감강목1,430,1132,三十一年이라,080875ae300f1a83,이라,라,微絶之斷,True,라,L2
춘추좌씨전4,309,988,必無人焉故也라,2cf7c68f7653fdf4,라,라,微絶之斷,True,라,L2
당송팔대가문초유종원2,329,2114,富天祿이라,a81dc2ad307ee8fe,이라,라,微絶之斷,False,라,L2
시경집전(하),1790,4027,言王者干祿而得百福이라,b3fca95deba8f93d,이라,라,微絶之斷,True,라,L2
당송팔대가문초소식3,195,751,是天下知其不可也라,3baad6f82d145236,라,라,微絶之斷,True,라,L2
서경집전(상),494,2743,屈原曰 人窮則反本이라,a4382ad80fc8280c,이라,라,微絶之斷,False,라,L2
자치통감강목1,362,906,楚宣王良夫元年이라,98d5fe850ea2fb7d,이라,라,微絶之斷,True,라,L2
시경집전(상),85,272,興也라,132140857a360a8c,라,라,微絶之斷,True,라,L2
당송팔대가문초한유3,210,1208,愈少公十九歲라,98f1bec5e0c324f4,라,라,微絶之斷,True,라,L2
예기집설대전2,1342,1923,此時祝先歸而肅虞祭之尸矣라,117b1fd081cf09df,라,라,微絶之斷,True,라,L2
당송팔대가문초소식3,162,626,嗟夫라,929d826ce8c25342,라,라,微絶之斷,True,라,L2
당송팔대가문초구양수3,522,2321,而淸厥身이라,787ebd033f569e66,이라,라,微絶之斷,True,라,L2
당송팔대가문초구양수3,600,2782,有勞有勤이라,f6632dbf45b1cb39,이라,라,微絶之斷,True,라,L2
서경집전(상),650,3320,惟相與以及沈溺而已라,abaded1e20d684a8,라,라,微絶之斷,True,라,L2
당송팔대가문초한유1,18,91,然於中亦不無工而未至者라,45fe00872894d81b,라,라,微絶之斷,True,라,L2
맹자집주,1565,5208,曹交問也라,6456712e71b06289,라,라,微絶之斷,False,라,L2
당송팔대가문초구양수4,252,1204,情詞嗚咽이라,303634d5ecce5af7,이라,라,微絶之斷,True,라,L2
맹자집주,2064,6394,山曲曰嵎라,1988ee86f8088101,라,라,微絶之斷,True,라,L2
시경집전(하),1154,2509,賦也라,8ee2540f4365747d,라,라,微絶之斷,True,라,L2
당송팔대가문초유종원2,261,1513,然亦多雋辭라,cab5fd2354b319bd,라,라,微絶之斷,True,라,L2
시경집전(상),306,738,興也라,132140857a360a8c,라,라,微絶之斷,True,라,L2
서경집전(하),287,1107,嗚呼라,24e5a6656c0e001e,라,라,微絶之斷,False,라,L2
시경집전(상),667,1533,賦也라,8ee2540f4365747d,라,라,微絶之斷,True,라,L2
당송팔대가문초구양수3,581,2665,有摧必折이라,f8c5aa211a92ab0a,이라,라,微絶之斷,True,라,L2
자치통감강목7,973,1341,五年이라,5aaa5e8374ff72e3,이라,라,微絶之斷,True,라,L2
당송팔대가문초구양수5,272,1831,嗚呼라,b5830bc7354f4e3d,라,라,微絶之斷,False,라,L2
주역전의(상),1730,5148,故利涉大川이라,ccd50c655990367e,이라,라,微絶之斷,True,라,L2
논어집주,1245,4083,樊遲麤鄙近利라,91da24ed42ffd601,라,라,微絶之斷,True,라,L2
시경집전(상),2511,5825,賦也라,8ee2540f4365747d,라,라,微絶之斷,True,라,L2
당송팔대가문초구양수1,233,1363,此其不可者二也라,64d4660ca526b64c,라,라,微絶之斷,True,라,L2
당송팔대가문초한유3,194,1102,女子九人이라,a724965a24ccb25b,이라,라,微絶之斷,True,라,L2
시경집전(상),2165,4982,比也라,920e5bbdbbf3601f,라,라,微絶之斷,False,라,L2
논어집주,1354,4371,子貢能言이라,80d71a998aeb8d65,이라,라,微絶之斷,True,라,L2
당송팔대가문초소철2,321,1760,悲夫라,41c0bcc69589a8e9,라,라,微絶之斷,False,라,L2
당송팔대가문초증공1,502,2799,故坐未嘗以爲尊師之禮也라,8e0d684b6f14788e,라,라,微絶之斷,True,라,L2
시경집전(하),2899,6405,興也라,132140857a360a8c,라,라,微絶之斷,False,라,L2
서경집전(상),663,3356,古我先后 旣勞乃祖乃父라,07a1e21e5faa2822,라,라,微絶之斷,True,라,L2
서경집전(상),223,1512,舟行水曰浮라,5dd54ff0e5891172,라,라,微絶之斷,True,라,L2
당송팔대가문초한유3,165,969,君泣語其徒曰 吾所爲止於是라,ae6614adba646b41,라,라,微絶之斷,True,라,L2
당송팔대가문초유종원2,384,2700,〈謹狀〉이라,43117526142433f7,이라,라,微絶之斷,False,라,L2
당송팔대가문초구양수1,88,626,然則非惡事也라,e25ff4ab9ec781dc,라,라,微絶之斷,True,라,L2
당송팔대가문초소철2,37,199,鳴呼라,24e5a6656c0e001e,라,라,微絶之斷,False,라,L2
주역전의(하),1235,3754,歸妹之所以凶也라,52254a60793f9df5,라,라,微絶之斷,True,라,L2
시경집전(하),2909,6428,時蓋修之라,4fcb0c13754e39fd,라,라,微絶之斷,True,라,L2
당송팔대가문초유종원2,262,1520,由是謗行於上而不及於下라,d1b58f4b0a6a63dd,라,라,微絶之斷,False,라,L2
자치통감강목4,1531,3508,三年이라,4f3bdef2ca940f6e,이라,라,微絶之斷,True,라,L2
시경집전(상),1858,4221,賦也라,8ee2540f4365747d,라,라,微絶之斷,False,라,L2
시경집전(하),2063,4615,賦也라,8ee2540f4365747d,라,라,微絶之斷,False,라,L2
예기집설대전1,522,1641,要之以治賤者爲之主라.,1d4aef836bba1feb,라,라,微絶之斷,True,라,L2
시경집전(하),581,1289,或曰 興也라,4d9d489bc0d3e0e8,라,라,微絶之斷,False,라,L2
시경집전(하),751,1611,賦也라,8ee2540f4365747d,라,라,微絶之斷,False,라,L2
시경집전(하),26,55,賦也라,8ee2540f4365747d,라,라,微絶之斷,False,라,L2
춘추좌씨전2,610,1938,秦穆之不爲盟主也宜哉라,0392e7c5511e3a08,라,라,微絶之斷,True,라,L2
당송팔대가문초구양수3,431,1749,帝曰噫歟라,713e6ad7b31442ac,라,라,微絶之斷,False,라,L2
시경집전(하),963,2106,或曰擧首貌라,01fff640f778ca4a,라,라,微絶之斷,False,라,L2
당송팔대가문초증공1,532,3008,大公至正之道而已矣라,96867b6843fe852a,라,라,微絶之斷,True,라,L2
당송팔대가문초유종원2,13,54,鈷鉧潭在西山西라,dd9cd5343c13b7c9,라,라,微絶之斷,False,라,L2
자치통감강목1,267,758,是爲安王이라,8df86ac8a1ee89be,이라,라,微絶之斷,False,라,L2
시경집전(상),803,1867,賦也라,8ee2540f4365747d,라,라,微絶之斷,False,라,L2
당송팔대가문초구양수3,26,91,嗚呼라,24e5a6656c0e001e,라,라,微絶之斷,False,라,L2
서경집전(하),873,3268,嗚呼라,4f67f843f796c704,라,라,微絶之斷,False,라,L2
시경집전(상),2024,4596,賦也라,8ee2540f4365747d,라,라,微絶之斷,False,라,L2
당송팔대가문초유종원1,71,541,不宣이라,fc6a5c0d1922ca05,이라,라,微絶之斷,True,라,L2
주역전의(하),536,1616,故戒所利在貞正也라,7a29f56ad975ab8f,라,라,微絶之斷,True,라,L2
당송팔대가문초구양수2,198,744,不宣이라,fc6a5c0d1922ca05,이라,라,微絶之斷,True,라,L2
당송팔대가문초한유3,289,1563,雖其父母之心亦皆然이라,3c56b62f96eeaa18,이라,라,微絶之斷,True,라,L2
당송팔대가문초유종원1,153,1043,僕避師名久矣라,ca218910750d545f,라,라,微絶之斷,True,라,L2
당송팔대가문초유종원2,149,688,余故取焉이라,eb865e81723e499a,이라,라,微絶之斷,True,라,L2
당송팔대가문초유종원2,393,2762,我生而留라,2182269a71294ccc,라,라,微絶之斷,True,라,L2
예기집설대전2,468,673,所以必當行賻禮也라,e47d8eeb65f9c7b7,라,라,微絶之斷,True,라,L2
당송팔대가문초한유3,252,1395,古未嘗有也라,9a972f179031363c,라,라,微絶之斷,True,라,L2
당송팔대가문초구양수6,306,2257,明日果來라,15629782fffe5f9c,라,라,微絶之斷,False,라,L2
시경집전(상),1912,4364,賦也라,8ee2540f4365747d,라,라,微絶之斷,True,라,L2
당송팔대가문초구양수3,532,2381,由學而知라,5775260e221deb11,라,라,微絶之斷,True,라,L2
주역전의(하),1486,4484,皆所以合其散이라,5eef4ae215a16d22,이라,라,微絶之斷,True,라,L2
예기집설대전1,726,2283,此後朝見則有常禮矣라.,d33e3ffff4a3e210,라,라,微絶之斷,True,라,L2
당송팔대가문초왕안석1,437,1928,遒勁이라,90305e1b924d82e9,이라,라,微絶之斷,True,라,L2
당송팔대가문초소식3,194,737,嗟夫라,24e5a6656c0e001e,라,라,微絶之斷,False,라,L2
시경집전(상),1874,4274,賦也라,8ee2540f4365747d,라,라,微絶之斷,True,라,L2
당송팔대가문초구양수3,431,1760,不遑居中이라,300ac8486d5cd324,이라,라,微絶之斷,False,라,L2
당송팔대가문초구양수3,455,1854,在汚全潔이라,27e5ac0830523a98,이라,라,微絶之斷,False,라,L2
당송팔대가문초소식3,83,308,嗚呼라,5c7f7a6dd9bd7fe5,라,라,微絶之斷,False,라,L2
논어집주,733,2606,大哉라,f0c691d8bb9bc890,라,라,微絶之斷,False,라,L2
주역전의(상),1757,5212,故宜艱難其事而由貞正之道라,1bd6823c749e5f81,라,라,微絶之斷,True,라,L2
시경집전(상),2089,4729,比而興也라,22a7f95b5be302d1,라,라,微絶之斷,True,라,L2
당송팔대가문초소철2,13,68,悲夫라,929d826ce8c25342,라,라,微絶之斷,False,라,L2
시경집전(상),1021,2385,此詩疑亦前篇婦人所作이라,a76a85a4a4aad7da,이라,라,微絶之斷,True,라,L2
시경집전(상),2345,5438,賦也라,8ee2540f4365747d,라,라,微絶之斷,True,라,L2
당송팔대가문초구양수2,329,1241,然奢終不以括爲能也라,0b1bec94c6c3e63e,라,라,微絶之斷,True,라,L2
시경집전(하),1779,4004,興也라,132140857a360a8c,라,라,微絶之斷,True,라,L2
논어집주,2030,6298,七尺曰仞이라,19e03b529cc64e56,이라,라,微絶之斷,True,라,L2
당송팔대가문초소식5,445,1631,嗚呼라,24e5a6656c0e001e,라,라,微絶之斷,True,라,L2
시경집전(하),3083,6869,賦也라,8ee2540f4365747d,라,라,微絶之斷,True,라,L2
당송팔대가문초유종원1,130,919,還答不悉이라,33b21917ed96ed41,이라,라,微絶之斷,True,라,L2
당송팔대가문초구양수2,477,1889,是春秋之志爾라,32da6fed4ddbcebb,라,라,微絶之斷,True,라,L2
시경집전(하),2229,4968,維申及甫 維周之翰이라,3168a44da73c45c8,이라,라,微絶之斷,False,라,L2
당송팔대가문초소순1,132,830,論樂之旨非是라,29002bbcc6f62c73,라,라,微絶之斷,True,라,L2
자치통감강목4,1434,3293,後元元年이라,9c0382e905954e5e,이라,라,微絶之斷,True,라,L2
당송팔대가문초구양수2,552,2172,嗚呼라,69c0d46eb718e43e,라,라,微絶之斷,False,라,L2
시경집전(상),1069,2499,或曰 施羅州車上也라,547863a0fdd0ed59,라,라,微絶之斷,False,라,L2
시경집전(상),732,1690,興也라,132140857a360a8c,라,라,微絶之斷,True,라,L2
자치통감강목1,369,919,顯王元年이라,a9ece9c91873be3a,이라,라,微絶之斷,True,라,L2
시경집전(상),2249,5185,興也라,132140857a360a8c,라,라,微絶之斷,True,라,L2
당송팔대가문초한유3,254,1408,紹述諱宗師라,b3c08a03fe46d911,라,라,微絶之斷,True,라,L2
시경집전(상),1987,4513,興也라,132140857a360a8c,라,라,微絶之斷,True,라,L2
주역전의(상),1475,4405,以卦才言也라,4a9ce4f21ac38ca4,라,라,微絶之斷,True,라,L2
당송팔대가문초증공1,421,2418,汪君徒深望予也라,5c9a42c16d04ac1d,라,라,微絶之斷,True,라,L2
당송팔대가문초구양수3,490,2106,一其初終이라,0dcc81d956ef6540,이라,라,微絶之斷,True,라,L2
당송팔대가문초증공1,340,1850,朝廷未嘗不聽用而著之於法이라,615f5b2caa86d984,이라,라,微絶之斷,True,라,L2
당송팔대가문초구양수5,106,794,弘昭大懼라,3c1d62f4a87b6d5e,라,라,微絶之斷,True,라,L2
시경집전(상),2600,5995,賦也라,8ee2540f4365747d,라,라,微絶之斷,True,라,L2
당송팔대가문초구양수3,143,488,嗚呼라,b5830bc7354f4e3d,라,라,微絶之斷,False,라,L2
춘추좌씨전4,265,806,君子以吳爲不弔라,803d6d518be0c1d5,라,라,微絶之斷,True,라,L2
당송팔대가문초한유1,237,1166,當必異其所好惡無疑也라,d12cdef265873a34,라,라,微絶之斷,True,라,L2
시경집전(상),2161,4971,比也라,920e5bbdbbf3601f,라,라,微絶之斷,True,라,L2
시경집전(상),2474,5746,賦也라,8ee2540f4365747d,라,라,微絶之斷,True,라,L2
시경집전(상),1432,3275,比也라,920e5bbdbbf3601f,라,라,微絶之斷,True,라,L2
주역전의(상),104,523,此只是彖辭라,e2667948d9e1943b,라,라,微絶之斷,True,라,L2
당송팔대가문초유종원2,318,2025,豪士歔欷라,6aa4bf4ab64e513b,라,라,微絶之斷,True,라,L2
당송팔대가문초구양수6,13,111,嗚呼라,69c0d46eb718e43e,라,라,微絶之斷,False,라,L2
당송팔대가문초왕안석2,448,2418,吳氏其先自姬出이라,11ced6da050fb961,이라,라,微絶之斷,True,라,L2
당송팔대가문초구양수6,218,1425,甚哉라,3cadfc439c512407,라,라,微絶之斷,False,라,L2
당송팔대가문초구양수1,120,817,此臣所謂葬則爲便者也라,903f0d73ac5f74ed,라,라,微絶之斷,True,라,L2
당송팔대가문초증공1,121,743,伏惟少賜省察이라,ef056b7dcd6040d3,이라,라,微絶之斷,False,라,L2
당송팔대가문초구양수2,228,856,僕天資不好而彊爲之라,0f0428b41b424f3b,라,라,微絶之斷,False,라,L2
시경집전(상),396,938,以恩相信曰任이라,241b17fbf5bb511f,이라,라,微絶之斷,False,라,L2
시경집전(하),4,10,軍士怨於久役이라,59c1a24167bf1c6c,이라,라,微絶之斷,True,라,L2
시경집전(하),1108,2419,興也라,132140857a360a8c,라,라,微絶之斷,True,라,L2
당송팔대가문초구양수3,455,1876,以有其豐이라,82044d6458531f9c,이라,라,微絶之斷,False,라,L2
주역전의(상),458,1545,復明亨義라,eb1696a9db59ce9c,라,라,微絶之斷,True,라,L2
시경집전(상),1118,2601,賦也라,8ee2540f4365747d,라,라,微絶之斷,True,라,L2
당송팔대가문초소순1,170,1086,此同姓諸侯王之例也라,289dc72bc5d1f1b4,라,라,微絶之斷,True,라,L2
시경집전(하),224,484,賦也라,8ee2540f4365747d,라,라,微絶之斷,True,라,L2
시경집전(하),420,916,興也라,132140857a360a8c,라,라,微絶之斷,True,라,L2
당송팔대가문초유종원2,243,1350,環行遂植兮止暴殘이라,6221eb3f3b938d30,이라,라,微絶之斷,False,라,L2
춘추좌씨전1,807,2994,秋七月이라,adf1b85f64a7ea08,이라,라,微絶之斷,False,라,L2
시경집전(하),2194,4887,賦也라,8ee2540f4365747d,라,라,微絶之斷,True,라,L2
논어집주,340,1197,放言易라,360a74102dc83f72,라,라,微絶之斷,False,라,L2
당송팔대가문초증공1,488,2724,自可栖之來居至於此 蓋十年矣라,e760b8a1702b3460,라,라,微絶之斷,False,라,L2
당송팔대가문초유종원2,370,2577,嗚呼哀哉라,cbb31ce5b7306b47,라,라,微絶之斷,False,라,L2
시경집전(하),2490,5521,賦也라,8ee2540f4365747d,라,라,微絶之斷,True,라,L2
서경집전(하),104,420,垂衣拱手而天下自治矣라,f3bf131d60f9a25b,라,라,微絶之斷,False,라,L2
당송팔대가문초구양수3,300,1112,典刑之文이라,8d55fa1c689c3fb9,이라,라,微絶之斷,True,라,L2
자치통감강목6,66,137,永始元年이라,cd440a20b509d474,이라,라,微絶之斷,False,라,L2
자치통감강목5,828,1922,四年이라,0279a16ee3f265cf,이라,라,微絶之斷,False,라,L2
주역전의(하),170,483,釋利貞之義而極言之라,1f41e90316b3d689,라,라,微絶之斷,False,라,L2
당송팔대가문초유종원2,368,2541,嗚呼哀哉라,cbb31ce5b7306b47,라,라,微絶之斷,False,라,L2
당송팔대가문초구양수3,617,2896,周旋屈伸이라,a8090996ba1d183f,이라,라,微絶之斷,False,라,L2
자치통감강목1,459,1244,三十七年이라,d387ff7953261014,이라,라,微絶之斷,True,라,L2
시경집전(상),1850,4201,興也라,132140857a360a8c,라,라,微絶之斷,False,라,L2
당송팔대가문초구양수2,535,2101,甚哉라,e482746ceebb0b2d,라,라,微絶之斷,True,라,L2
당송팔대가문초구양수4,225,1073,悲咽이라,6b1bca6618ff4f52,이라,라,微絶之斷,False,라,L2
당송팔대가문초구양수1,292,1659,深透人情國體之言이라,3f21fd5876c4ffda,이라,라,微絶之斷,True,라,L2
당송팔대가문초구양수4,85,416,蓋世未嘗用其術爾라,12eb4afa2a895df3,라,라,微絶之斷,False,라,L2
당송팔대가문초소식5,407,1507,嗚呼噫嘻라,4eebfcb20f552ede,라,라,微絶之斷,False,라,L2
자치통감강목1,377,931,七年이라,fda12ca7ed6bfb71,이라,라,微絶之斷,False,라,L2
당송팔대가문초소철2,114,657,悲夫라,4ad4bdb3e46545de,라,라,微絶之斷,False,라,L2
시경집전(하),2485,5509,賦也라,8ee2540f4365747d,라,라,微絶之斷,False,라,L2
논어집주,1045,3458,藏貨財曰府라,9c4c3711b3312eff,라,라,微絶之斷,True,라,L2
당송팔대가문초소식5,158,545,與一手目同이라,898b9352b4736cbd,이라,라,微絶之斷,False,라,L2
당송팔대가문초소식5,309,1204,烏(嗚)乎悲夫라,929d826ce8c25342,라,라,微絶之斷,False,라,L2
시경집전(상),2299,5330,興也라,132140857a360a8c,라,라,微絶之斷,False,라,L2
시경집전(상),2064,4675,興也라,132140857a360a8c,라,라,微絶之斷,False,라,L2
자치통감강목5,18,39,實勇士也라,6e1c89c27cdf5ef1,라,라,微絶之斷,True,라,L2
당송팔대가문초구양수3,617,2888,名發聲馳라,4822dc5121becf81,라,라,微絶之斷,False,라,L2
시경집전(상),218,560,賦也라,8ee2540f4365747d,라,라,微絶之斷,True,라,L2
논어집주,1575,5036,說見第四篇이라,21fee288e3f61027,이라,라,微絶之斷,True,라,L2
당송팔대가문초소식3,271,1072,嗚呼라,24e5a6656c0e001e,라,라,微絶之斷,False,라,L2
당송팔대가문초구양수2,328,1231,嗚呼라,b5830bc7354f4e3d,라,라,微絶之斷,False,라,L2
